altitude,temperature,density,pressure
-5000,320.676,1.93113,177762.3822
-4950,320.35,1.9228,176815.6635
-4900,320.025,1.9145,175873.8093
-4850,319.699,1.90622,174934.792
-4800,319.374,1.89798,174001.5363
-4750,319.048,1.88976,173071.1072
-4700,318.723,1.88157,172145.5014
-4650,318.397,1.8734,171222.7139
-4600,318.072,1.86527,170305.643
-4550,317.746,1.85716,169391.3802
-4500,317.421,1.84907,168480.9883
-4450,317.095,1.84102,167575.2183
-4400,316.77,1.83299,166673.2998
-4350,316.444,1.82499,165775.0807
-4300,316.119,1.81701,164880.6953
-4250,315.793,1.80907,163990.9056
-4200,315.468,1.80115,163104.93
-4150,315.143,1.79325,162222.2415
-4100,314.817,1.78538,161343.2255
-4050,314.492,1.77754,160468.901
-4000,314.166,1.76973,159598.2368
-3950,313.841,1.76194,158731.3418
-3900,313.516,1.75418,157868.6002
-3850,313.19,1.74644,157008.6032
-3800,312.865,1.73873,156153.2482
-3750,312.539,1.73105,155301.5263
-3700,312.214,1.72339,154453.5289
-3650,311.889,1.71576,153609.6466
-3600,311.563,1.70816,152769.3807
-3550,311.238,1.70058,151932.8122
-3500,310.913,1.69303,151100.3354
-3450,310.587,1.6855,150270.5666
-3400,310.262,1.678,149445.3607
-3350,309.936,1.67052,148622.854
-3300,309.611,1.66307,147804.8908
-3250,309.286,1.65565,146990.9811
-3200,308.96,1.64825,146179.7565
-3150,308.635,1.64088,145373.0458
-3100,308.31,1.63353,144569.4802
-3050,307.985,1.6262,143769.0541
-3000,307.659,1.61891,142973.0636
-2950,307.334,1.61163,142179.7823
-2900,307.009,1.60439,141391.3844
-2850,306.683,1.59716,140604.7593
-2800,306.358,1.58997,139823.4614
-2750,306.033,1.58279,139044.3835
-2700,305.707,1.57565,138269.7031
-2650,305.382,1.56852,137497.6859
-2600,305.057,1.56143,136730.5018
-2550,304.732,1.55435,135965.5153
-2500,304.406,1.54731,135204.9009
-2450,304.081,1.54028,134446.919
-2400,303.756,1.53328,133692.8647
-2350,303.431,1.52631,132942.7295
-2300,303.105,1.51936,132195.1989
-2250,302.78,1.51243,131451.1413
-2200,302.455,1.50553,130710.9815
-2150,302.13,1.49865,129973.8436
-2100,301.805,1.4918,129240.5884
-2050,301.479,1.48497,128509.9159
-2000,301.154,1.47816,127782.6749
-1950,300.829,1.47138,127059.2952
-1900,300.504,1.46462,126338.9057
-1850,300.179,1.45789,125622.3626
-1800,299.853,1.45118,124908.3801
-1750,299.528,1.44449,124197.7876
-1700,299.203,1.43783,123491.02
-1650,298.878,1.43119,122787.211
-1600,298.553,1.42458,122087.2119
-1550,298.227,1.41799,121389.7512
-1500,297.902,1.41142,120695.6393
-1450,297.577,1.40487,120004.4617
-1400,297.252,1.39835,119317.066
-1350,296.927,1.39186,118633.4438
-1300,296.602,1.38538,117951.884
-1250,296.277,1.37893,117274.0847
-1200,295.951,1.3725,116598.7939
-1150,295.626,1.3661,115927.6446
-1100,295.301,1.35971,115258.537
-1050,294.976,1.35335,114593.1619
-1000,294.651,1.34702,113931.5109
-950,294.326,1.3407,113271.8858
-900,294.001,1.33441,112615.9718
-850,293.676,1.32814,111962.9174
-800,293.351,1.3219,111313.5591
-750,293.026,1.31567,110666.2062
-700,292.701,1.30947,110022.5364
-650,292.375,1.3033,109382.1671
-600,292.05,1.29714,108744.1632
-550,291.725,1.29101,108109.821
-500,291.4,1.2849,107478.2954
-450,291.075,1.27881,106849.5809
-400,290.75,1.27274,106223.672
-350,290.425,1.2667,105601.3966
-300,290.1,1.26067,104981.081
-250,289.775,1.25467,104364.3858
-200,289.45,1.2487,103751.3028
-150,289.125,1.24274,103140.1637
-100,288.8,1.2368,102531.7946
-50,288.475,1.23089,101927.0181
0,288.15,1.225,101324.9985
50,287.825,1.21913,100725.7304
100,287.5,1.21328,100129.208
150,287.175,1.20746,99536.25021
200,286.85,1.20165,98945.20175
250,286.525,1.19587,98357.70478
300,286.2,1.19011,97772.92936
350,285.875,1.18437,97190.86988
400,285.55,1.17865,96611.52077
450,285.225,1.17295,96034.8764
500,284.9,1.16727,95460.9312
550,284.575,1.16162,94890.49643
600,284.25,1.15598,94321.93182
650,283.925,1.15037,93756.86458
700,283.601,1.14478,93194.80086
750,283.276,1.13921,92635.07624
800,282.951,1.13365,92077.2031
850,282.626,1.12812,91522.80124
900,282.301,1.12262,90971.86224
950,281.976,1.11713,90422.75888
1000,281.651,1.11166,89876.29684
1050,281.326,1.10621,89332.47053
1100,281.001,1.10079,88792.08097
1150,280.676,1.09538,88253.50838
1200,280.351,1.08999,87717.55473
1250,280.027,1.08463,87185.32957
1300,279.702,1.07928,86654.59452
1350,279.377,1.07396,86127.26358
1400,279.052,1.06865,85601.72629
1450,278.727,1.06337,85079.58004
1500,278.402,1.0581,84559.21812
1550,278.077,1.05286,84042.23419
1600,277.753,1.04764,83528.12327
1650,277.428,1.04243,83015.48047
1700,277.103,1.03725,82506.19606
1750,276.778,1.03208,81998.67266
1800,276.453,1.02694,81494.4946
1850,276.128,1.02181,80992.06822
1900,275.804,1.01671,80493.26597
1950,275.479,1.01162,79995.91275
2000,275.154,1.00655,79501.08892
2050,274.829,1.00151,79009.57779
2100,274.505,0.996479,78520.00226
2150,274.18,0.991471,78032.88815
2200,273.855,0.986483,77548.28067
2250,273.53,0.981513,77066.01719
2300,273.205,0.976563,76586.24951
2350,272.881,0.971632,76109.17263
2400,272.556,0.966721,75634.30023
2450,272.231,0.961828,75161.75075
2500,271.906,0.956954,74691.59721
2550,271.582,0.9521,74224.18554
2600,271.257,0.947264,73758.80643
2650,270.932,0.942447,73295.8073
2700,270.607,0.937649,72835.18284
2750,270.283,0.93287,72377.19552
2800,269.958,0.92811,71921.30308
2850,269.633,0.923368,71467.69196
2900,269.309,0.918645,71016.69813
2950,268.984,0.91394,70567.71032
3000,268.659,0.909254,70121.06565
3050,268.335,0.904587,69677.01847
3100,268.01,0.899938,69234.96587
3150,267.685,0.895307,68795.16382
3200,267.36,0.890694,68357.60728
3250,267.036,0.8861,67922.62222
3300,266.711,0.881524,67489.61673
3350,266.386,0.876967,67058.91792
3400,266.062,0.872427,66630.61817
3450,265.737,0.867905,66204.28682
3500,265.413,0.863402,65780.4946
3550,265.088,0.858916,65358.58704
3600,264.763,0.854449,64938.96052
3650,264.439,0.849999,64521.7019
3700,264.114,0.845567,64106.39297
3750,263.789,0.841153,63693.27396
3800,263.465,0.836756,63282.50441
3850,263.14,0.832377,62873.67345
3900,262.816,0.828016,62467.25518
3950,262.491,0.823673,62062.76794
4000,262.166,0.819347,61660.37038
4050,261.842,0.815038,61260.29171
4100,261.517,0.810747,60862.13307
4150,261.193,0.806473,60466.28116
4200,260.868,0.802216,60072.267
4250,260.543,0.797977,59680.39333
4300,260.219,0.793755,59290.80829
4350,259.894,0.78955,58903.0502
4400,259.57,0.785363,58517.64331
4450,259.245,0.781192,58133.98169
4500,258.921,0.777038,57752.58486
4550,258.596,0.772902,57373.07502
4600,258.272,0.768782,56995.74377
4650,257.947,0.764679,56620.21813
4700,257.623,0.760593,56246.93355
4750,257.298,0.756524,55875.44744
4800,256.974,0.752472,55506.19055
4850,256.649,0.748436,55138.65128
4900,256.325,0.744417,54773.32959
4950,256,0.740415,54409.79219
5000,255.676,0.736429,54048.38717
5050,255.351,0.732459,53688.68613
5100,255.027,0.728506,53331.17945
5150,254.702,0.72457,52975.443
5200,254.378,0.720649,52621.74311
5250,254.053,0.716745,52269.80658
5300,253.729,0.712858,51920.04127
5350,253.404,0.708986,51571.88657
5400,253.08,0.705131,51225.89174
5450,252.755,0.701292,50881.57354
5500,252.431,0.697469,50539.33122
5550,252.106,0.693662,50198.75879
5600,251.782,0.689871,49860.2511
5650,251.458,0.686095,49523.53131
5700,251.133,0.682336,49188.54353
5750,250.809,0.678593,48855.60384
5800,250.484,0.674865,48524.24519
5850,250.16,0.671153,48194.92374
5900,249.836,0.667457,47867.44021
5950,249.511,0.663776,47541.52798
6000,249.187,0.660111,47217.63653
6050,248.862,0.656462,46895.38136
6100,248.538,0.652828,46575.06458
6150,248.214,0.64921,46256.56377
6200,247.889,0.64607,45972.56379
6250,247.565,0.642019,45624.59472
6300,247.241,0.638447,45311.37439
6350,246.916,0.63489,44999.69942
6400,246.592,0.631348,44689.93113
6450,246.267,0.627821,44381.70185
6500,245.943,0.62431,44075.43944
6550,245.619,0.620813,43770.81719
6600,245.294,0.617332,43467.79481
6650,244.97,0.613866,43166.65293
6700,244.646,0.610415,42867.20915
6750,244.322,0.606978,42569.38917
6800,243.997,0.603557,42273.15589
6850,243.673,0.60015,41978.71245
6900,243.349,0.596758,41685.95056
6950,243.024,0.593381,41394.69569
7000,242.7,0.590018,41105.21563
7050,242.376,0.586671,40817.47432
7100,242.051,0.583337,40531.0914
7150,241.727,0.580019,40246.60726
7200,241.403,0.576715,39963.71044
7250,241.079,0.573425,39682.39703
7300,240.754,0.57015,39402.56857
7350,240.43,0.566889,39124.48012
7400,240.106,0.563642,38847.96318
7450,239.782,0.56041,38573.08266
7500,239.457,0.557192,38299.6057
7550,239.133,0.553988,38027.84921
7600,238.809,0.550798,37757.6484
7650,238.485,0.547623,37489.06784
7700,238.161,0.544462,37222.03496
7750,237.836,0.541314,36956.32221
7800,237.512,0.538181,36692.37399
7850,237.188,0.535061,36429.89364
7900,236.864,0.531956,36169.01354
7950,236.54,0.528864,35909.5937
8000,236.215,0.525786,35651.54735
8050,235.891,0.522722,35395.17335
8100,235.567,0.519671,35140.24834
8150,235.243,0.516635,34886.90376
8200,234.919,0.513612,34635.00055
8250,234.595,0.510602,34384.53508
8300,234.27,0.507606,34135.42527
8350,233.946,0.504624,33887.95948
8400,233.622,0.501655,33641.92019
8450,233.298,0.498699,33397.30375
8500,232.974,0.495757,33154.17341
8550,232.65,0.492829,32912.52528
8600,232.326,0.489913,32672.22207
8650,232.001,0.487011,32433.25382
8700,231.677,0.484122,32195.83055
8750,231.353,0.481246,31959.808
8800,231.029,0.478383,31725.18254
8850,230.705,0.475534,31492.01678
8900,230.381,0.472697,31260.17453
8950,230.057,0.469874,31029.78454
9000,229.733,0.467063,30800.711
9050,229.409,0.464265,30573.01642
9100,229.085,0.461481,30346.76292
9150,228.76,0.458709,30121.68361
9200,228.436,0.455949,29898.03926
9250,228.112,0.453203,29675.82502
9300,227.788,0.450469,29454.90621
9350,227.464,0.447748,29235.34478
9400,227.14,0.44504,29017.1371
9450,226.816,0.442344,28800.21444
9500,226.492,0.439661,28584.63845
9550,226.168,0.43699,28370.3406
9600,225.844,0.434332,28157.38236
9650,225.52,0.431686,27945.69537
9700,225.196,0.429053,27735.34092
9750,224.872,0.426432,27526.25084
9800,224.548,0.423823,27318.42177
9850,224.224,0.421227,27111.91475
9900,223.9,0.418642,26906.59758
9950,223.576,0.41607,26702.59557
10000,223.252,0.41351,26499.841
10050,222.928,0.410962,26298.33052
10100,222.604,0.408427,26098.12469
10150,222.28,0.405903,25899.09226
10200,221.956,0.403391,25701.29387
10250,221.632,0.400891,25504.72618
10300,221.308,0.398404,25309.44938
10350,220.984,0.395928,25115.33295
10400,220.66,0.393463,24922.37384
10450,220.336,0.391011,24730.69546
10500,220.013,0.38857,24540.27943
10550,219.689,0.386141,24350.96196
10600,219.365,0.383724,24162.85194
10650,219.041,0.381319,23975.94603
10700,218.717,0.378924,23790.1153
10750,218.393,0.376542,23605.54504
10800,218.069,0.374171,23422.10643
10850,217.745,0.371812,23239.8589
10900,217.421,0.369463,23058.67428
10950,217.097,0.367127,22878.73674
11000,216.774,0.364801,22699.96068
11050,216.65,0.362152,22522.23443
11100,216.65,0.359318,22345.98796
11150,216.65,0.356506,22171.10967
11200,216.65,0.353716,21997.59956
11250,216.65,0.350948,21825.45762
11300,216.65,0.348201,21654.62168
11350,216.65,0.345477,21485.21611
11400,216.65,0.342773,21317.05434
11450,216.65,0.340091,21150.26075
11500,216.65,0.337429,20984.71096
11550,216.65,0.334789,20820.52934
11600,216.65,0.332169,20657.59153
11650,216.65,0.32957,20495.95971
11700,216.65,0.326991,20335.57169
11750,216.65,0.324433,20176.48966
11800,216.65,0.321894,20018.58924
11850,216.65,0.319375,19861.93262
11900,216.65,0.316877,19706.58199
11950,216.65,0.314397,19552.35078
12000,216.65,0.311937,19399.36337
12050,216.65,0.309497,19247.61976
12100,216.65,0.307075,19096.99557
12150,216.65,0.304673,18947.61518
12200,216.65,0.302289,18799.35421
12250,216.65,0.299924,18652.27485
12300,216.65,0.297578,18506.3771
12350,216.65,0.29525,18361.59877
12400,216.65,0.29294,18217.93986
12450,216.65,0.290649,18075.46256
12500,216.65,0.288375,17934.04249
12550,216.65,0.286119,17793.74184
12600,216.65,0.283881,17654.56061
12650,216.65,0.28166,17516.43661
12700,216.65,0.279457,17379.43203
12750,216.65,0.277271,17243.48468
12800,216.65,0.275102,17108.59456
12850,216.65,0.27295,16974.76167
12900,216.65,0.270815,16841.98601
12950,216.65,0.268697,16710.26758
13000,216.65,0.266595,16579.54419
13050,216.65,0.26451,16449.87803
13100,216.65,0.262442,16321.2691
13150,216.65,0.260389,16193.59303
13200,216.65,0.258352,16066.91199
13250,216.65,0.256332,15941.28818
13300,216.65,0.254327,15816.59722
13350,216.65,0.252338,15692.9013
13400,216.65,0.250365,15570.20042
13450,216.65,0.2484074,15448.45727
13500,216.65,0.246464,15327.59722
13550,216.65,0.244537,15207.75708
13600,216.65,0.242624,15088.7876
13650,216.65,0.240727,14970.81316
13700,216.65,0.238845,14853.77157
13750,216.65,0.236977,14737.60065
13800,216.65,0.235124,14622.36257
13850,216.65,0.233285,14507.99515
13900,216.65,0.231461,14394.56058
13950,216.65,0.229651,14281.99667
14000,216.65,0.227855,14170.30343
14050,216.65,0.226074,14059.54303
14100,216.65,0.224306,13949.5911
14150,216.65,0.222552,13840.50983
14200,216.65,0.220812,13732.29923
14250,216.65,0.219086,13624.95928
14300,216.65,0.217373,13518.4278
14350,216.65,0.215674,13412.76698
14400,216.65,0.213987,13307.85245
14450,216.65,0.212314,13203.80857
14500,216.65,0.210654,13100.57316
14550,216.65,0.209008,12998.20842
14600,216.65,0.207374,12896.58995
14650,216.65,0.205753,12795.77995
14700,216.65,0.204144,12695.71623
14750,216.65,0.202548,12596.46099
14800,216.65,0.200965,12498.01421
14850,216.65,0.199394,12400.31371
14900,216.65,0.197835,12303.3595
14950,216.65,0.196289,12207.21375
15000,216.65,0.194755,12111.81428
15050,216.65,0.193232,12017.09891
15100,216.65,0.191722,11923.192
15150,216.65,0.190223,11829.96919
15200,216.65,0.188736,11737.49265
15250,216.65,0.187261,11645.76239
15300,216.65,0.185798,11554.77842
15350,216.65,0.184645,11483.07334
15400,216.65,0.182905,11374.86273
15450,216.65,0.181475,11285.93103
15500,216.65,0.180057,11197.7456
15550,216.65,0.17865,11110.24427
15600,216.65,0.177253,11023.36483
15650,216.65,0.175868,10937.23167
15700,216.65,0.174494,10851.78261
15750,216.65,0.17313,10766.95544
15800,216.65,0.171777,10682.81237
15850,216.65,0.170435,10599.35338
15900,216.65,0.169103,10516.51629
15950,216.65,0.167782,10434.3633
16000,216.65,0.16647,10352.77001
16050,216.65,0.16517,10271.92301
16100,216.65,0.163879,10191.63571
16150,216.65,0.162598,10111.97032
16200,216.65,0.161328,10032.98901
16250,216.65,0.160067,9954.567416
16300,216.65,0.158817,9876.829911
16350,216.65,0.157576,9799.652115
16400,216.65,0.156345,9723.09622
16450,216.65,0.155123,9647.100035
16500,216.65,0.153911,9571.72575
16550,216.65,0.152709,9496.973364
16600,216.65,0.151515,9422.718499
16650,216.65,0.150332,9349.147724
16700,216.65,0.149157,9276.074469
16750,216.65,0.147992,9203.623114
16800,216.65,0.146836,9131.731469
16850,216.65,0.145689,9060.399534
16900,216.65,0.144551,8989.627309
16950,216.65,0.143421,8919.352605
17000,216.65,0.142301,8849.6998
17050,216.65,0.141189,8780.544515
17100,216.65,0.140086,8711.94894
17150,216.65,0.138992,8643.913076
17200,216.65,0.137907,8576.436921
17250,216.65,0.136829,8509.396096
17300,216.65,0.135761,8442.977172
17350,216.65,0.1347,8376.993577
17400,216.65,0.133648,8311.569693
17450,216.65,0.132604,8246.643328
17500,216.65,0.131568,8182.214484
17550,216.65,0.130541,8118.345349
17600,216.65,0.129521,8054.911545
17650,216.65,0.128509,7991.975261
17700,216.65,0.127506,7929.598686
17750,216.65,0.12651,7867.657442
17800,216.65,0.125522,7806.213718
17850,216.65,0.124542,7745.267514
17900,216.65,0.123569,7684.75664
17950,216.65,0.122604,7624.743285
18000,216.65,0.121647,7565.227451
18050,216.65,0.120697,7506.146947
18100,216.65,0.119754,7447.501773
18150,216.65,0.118819,7389.354119
18200,216.65,0.117891,7331.641795
18250,216.65,0.116971,7274.426991
18300,216.65,0.116057,7217.585327
18350,216.65,0.115151,7161.241183
18400,216.65,0.114252,7105.33237
18450,216.65,0.11336,7049.858886
18500,216.65,0.112475,6994.820732
18550,216.65,0.111596,6940.155718
18600,216.65,0.110725,6885.988225
18650,216.65,0.109861,6832.256061
18700,216.65,0.109003,6778.897037
18750,216.65,0.108152,6725.973343
18800,216.65,0.107307,6673.42279
18850,216.65,0.10647,6621.369756
18900,216.65,0.105638,6569.627673
18950,216.65,0.104814,6518.383109
19000,216.65,0.103995,6467.449496
19050,216.65,0.103183,6416.951212
19100,216.65,0.102378,6366.888259
19150,216.65,0.101579,6317.198445
19200,216.65,0.100786,6267.881772
19250,216.65,0.099999,6218.938239
19300,216.65,0.0992184,6170.392721
19350,216.65,0.0984439,6122.226563
19400,216.65,0.0976754,6074.433545
19450,216.65,0.096913,6027.019885
19500,216.65,0.0961565,5979.973147
19550,216.65,0.095406,5933.299549
19600,216.65,0.0946613,5886.986653
19650,216.65,0.0939224,5841.034459
19700,216.65,0.0931893,5795.442966
19750,216.65,0.092462,5750.212176
19800,216.65,0.0917403,5705.32965
19850,216.65,0.0910243,5660.801607
19900,216.65,0.0903139,5616.621828
19950,216.65,0.089609,5572.784094
20000,216.65,0.089097,5540.942812
20050,216.65,0.0882158,5486.14098
20100,216.687,0.0875125,5443.332216
20150,216.736,0.0868098,5400.844868
20200,216.786,0.086113,5358.729621
20250,216.836,0.0854219,5316.949159
20300,216.885,0.0847365,5275.479404
20350,216.935,0.0840568,5234.369445
20400,216.985,0.0833827,5193.588777
20450,217.034,0.0827142,5153.113898
20500,217.084,0.0820511,5112.980264
20550,217.134,0.0813936,5073.176638
20600,217.183,0.0807415,5033.667614
20650,217.233,0.0800948,4994.499966
20700,217.283,0.0794534,4955.644324
20750,217.332,0.0788173,4917.078292
20800,217.382,0.0781864,4878.841289
20850,217.432,0.0775608,4840.916972
20900,217.482,0.0769403,4803.293084
20950,217.531,0.0763249,4765.947935
21000,217.581,0.0757146,4728.925739
21050,217.631,0.0751093,4692.198383
21100,217.68,0.074509,4655.744692
21150,217.73,0.0739137,4619.607831
21200,217.78,0.0733232,4583.75395
21250,217.829,0.0727376,4548.16863
21300,217.879,0.0721568,4512.887753
21350,217.929,0.0715809,4477.896734
21400,217.978,0.0710096,4443.156629
21450,218.028,0.070443,4408.714824
21500,218.078,0.0698811,4374.550975
21550,218.127,0.0693238,4340.639122
21600,218.177,0.0687711,4307.019422
21650,218.227,0.0682229,4273.665748
21700,218.276,0.0676792,4240.558867
21750,218.326,0.06714,4207.737983
21800,218.375,0.0666052,4175.158317
21850,218.425,0.0660748,4142.858451
21900,218.475,0.0655488,4110.8193
21950,218.524,0.0650271,4079.016116
22000,218.574,0.0645096,4047.480289
22050,218.624,0.0639964,4016.199462
22100,218.673,0.0634874,3985.149316
22150,218.723,0.0629825,3954.360349
22200,218.773,0.0624819,3923.826926
22250,218.822,0.0619853,3893.512595
22300,218.872,0.0614927,3863.453256
22350,218.922,0.0610042,3833.63743
22400,218.971,0.0605197,3804.041635
22450,219.021,0.0600392,3774.700926
22500,219.071,0.0595626,3745.591676
22550,219.12,0.0590898,3716.6908
22600,219.17,0.058621,3688.045103
22650,219.22,0.058156,3659.625075
22700,219.269,0.0576948,3631.414318
22750,219.319,0.0572373,3603.439953
22800,219.369,0.0567836,3575.691743
22850,219.418,0.0563336,3548.147383
22900,219.468,0.0558873,3520.839501
22950,219.517,0.0554446,3493.729741
23000,219.567,0.0550055,3466.850213
23050,219.617,0.05457,3440.185032
23100,219.666,0.0541381,3413.71881
23150,219.716,0.0537096,3387.470293
23200,219.766,0.0532847,3361.436581
23250,219.815,0.0528633,3335.596342
23300,219.865,0.0524452,3309.967576
23350,219.915,0.0520306,3284.547752
23400,219.964,0.0516194,3259.315892
23450,220.014,0.0512114,3234.289262
23500,220.063,0.0508069,3209.45743
23550,220.113,0.0504056,3184.830877
23600,220.163,0.0500076,3160.401359
23650,220.212,0.0496128,3136.148456
23700,220.262,0.0492212,3112.1009
23750,220.312,0.0488328,3088.244476
23800,220.361,0.0484476,3064.565413
23850,220.411,0.0480655,3041.085446
23900,220.46,0.0476865,3017.777002
23950,220.51,0.0473106,2994.667701
24000,220.56,0.0469377,2971.737546
24050,220.609,0.0465679,2948.979633
24100,220.659,0.046201,2926.408266
24150,220.709,0.0458372,2904.022768
24200,220.758,0.0454762,2881.791208
24250,220.808,0.0451183,2859.758932
24300,220.857,0.0447632,2837.881047
24350,220.907,0.044411,2816.189815
24400,220.957,0.0440617,2794.672409
24450,221.006,0.0437151,2773.303718
24500,221.056,0.0433714,2752.121744
24550,221.106,0.0430305,2731.107619
24600,221.155,0.0426924,2710.249206
24650,221.205,0.0423569,2689.558533
24700,221.254,0.0420242,2669.024
24750,221.304,0.0416942,2648.663595
24800,221.354,0.0413669,2628.465277
24850,221.403,0.0410422,2608.411024
24900,221.453,0.0407201,2588.524604
24950,221.502,0.0404006,2568.782656
25000,221.552,0.0400837,2549.208579
25050,221.602,0.0397694,2529.790794
25100,221.651,0.0394576,2510.511726
25150,221.701,0.0391483,2491.394223
25200,221.75,0.0388416,2472.422194
25250,221.8,0.0385373,2453.605401
25300,221.85,0.0382355,2434.939081
25350,221.899,0.037936,2416.399711
25400,221.949,0.037639,2398.021997
25450,221.999,0.0373445,2379.795071
25500,222.048,0.0370522,2361.689283
25550,222.098,0.0367624,2343.745209
25600,222.147,0.0364748,2325.922636
25650,222.197,0.0361896,2308.255438
25700,222.247,0.0359067,2290.726785
25750,222.296,0.0356261,2273.32655
25800,222.346,0.0353477,2256.068983
25850,222.395,0.0350716,2238.940187
25900,222.445,0.0347977,2221.95409
25950,222.494,0.034526,2205.090729
26000,222.544,0.0342565,2188.370098
26050,222.594,0.0339891,2171.775913
26100,222.643,0.0337239,2155.304975
26150,222.693,0.0334608,2138.970423
26200,222.742,0.0331998,2122.753061
26250,222.792,0.032941,2106.678508
26300,222.842,0.0326842,2090.72446
26350,222.891,0.0324295,2074.888095
26400,222.941,0.0321768,2059.181791
26450,222.99,0.0319262,2043.593491
26500,223.04,0.0316775,2028.12888
26550,223.09,0.0314309,2012.791611
26600,223.139,0.0311862,1997.560012
26650,223.189,0.0309435,1982.458545
26700,223.238,0.0307028,1967.469461
26750,223.288,0.0304639,1952.597722
26800,223.337,0.030227,1937.838667
26850,223.387,0.029992,1923.203393
26900,223.437,0.0297589,1908.683236
26950,223.486,0.0295276,1894.263386
27000,223.536,0.0292982,1879.967355
27050,223.585,0.0290706,1865.771921
27100,223.635,0.0288449,1851.700334
27150,223.685,0.0286209,1837.731424
27200,223.734,0.0283988,1823.869957
27250,223.784,0.0281784,1810.119535
27300,223.833,0.0279598,1796.470415
27350,223.883,0.0277429,1782.932361
27400,223.932,0.0275278,1769.495883
27450,223.982,0.0273143,1756.164067
27500,224.032,0.0271026,1742.941878
27550,224.081,0.0268926,1729.815242
27600,224.131,0.0266842,1716.793298
27650,224.18,0.0264776,1703.873605
27700,224.23,0.0262725,1691.052189
27750,224.279,0.0260691,1678.32685
27800,224.329,0.0258673,1665.706244
27850,224.379,0.0256672,1653.18934
27900,224.428,0.0254686,1640.756016
27950,224.478,0.0252716,1628.427458
28000,224.527,0.0250762,1616.189169
28050,224.577,0.0248823,1604.049224
28100,224.626,0.02469,1591.999793
28150,224.676,0.0244992,1580.048725
28200,224.725,0.02431,1568.188415
28250,224.775,0.0241222,1556.420039
28300,224.825,0.0239359,1544.743076
28350,224.874,0.0237511,1533.150774
28400,224.924,0.0235678,1521.656886
28450,224.973,0.0233859,1510.241435
28500,225.023,0.0232055,1498.924417
28550,225.072,0.0230266,1487.692523
28600,225.122,0.022849,1476.546163
28650,225.171,0.0226728,1465.478688
28700,225.221,0.0224981,1454.509689
28750,225.271,0.0223247,1443.61974
28800,225.32,0.0221528,1432.815472
28850,225.37,0.0219821,1422.09031
28900,225.419,0.0218129,1411.451048
28950,225.469,0.0216449,1400.890905
29000,225.518,0.0214783,1390.410404
29050,225.568,0.0213131,1380.021984
29100,225.617,0.0211491,1369.700468
29150,225.667,0.0209865,1359.471052
29200,225.716,0.0208251,1349.308742
29250,225.766,0.020665,1339.232073
29300,225.816,0.0205062,1329.235074
29350,225.865,0.0203486,1319.305479
29400,225.915,0.0201923,1309.461551
29450,225.964,0.0200372,1299.685221
29500,226.014,0.0198833,1289.988088
29550,226.063,0.0197307,1280.365235
29600,226.113,0.0195793,1270.821595
29650,226.162,0.019429,1261.339446
29700,226.212,0.01928,1251.943018
29750,226.261,0.0191321,1242.608265
29800,226.311,0.0189854,1233.352756
29850,226.36,0.0188399,1224.165602
29900,226.41,0.0186955,1215.051211
29950,226.46,0.0185522,1206.004182
30000,226.509,0.0184101,1197.02578
30050,226.559,0.0182691,1188.120161
30100,226.608,0.0181292,1179.276845
30150,226.658,0.0179904,1170.506326
30200,226.707,0.0178527,1161.798283
30250,226.757,0.0177161,1153.163052
30300,226.806,0.0175806,1144.59047
30350,226.856,0.0174461,1136.084203
30400,226.905,0.0173127,1127.640753
30450,226.955,0.0171804,1119.270144
30500,227.004,0.0170491,1110.956006
30550,227.054,0.0169188,1102.708208
30600,227.103,0.0167896,1094.523559
30650,227.153,0.0166613,1086.398743
30700,227.202,0.0165341,1078.337239
30750,227.252,0.0164079,1070.3421
30800,227.301,0.0162827,1062.403912
30850,227.351,0.0161584,1054.525575
30900,227.401,0.0160352,1046.715474
30950,227.45,0.0159129,1038.95603
31000,227.5,0.0157915,1031.256453
31050,227.549,0.0156711,1023.614211
31100,227.599,0.0155517,1016.038379
31150,227.648,0.0154332,1008.513502
31200,227.698,0.0153156,1001.048513
31250,227.747,0.015199,993.6411603
31300,227.797,0.0150833,986.2937083
31350,227.846,0.0149684,978.9909617
31400,227.896,0.0148545,971.7546647
31450,227.945,0.0147415,964.5697559
31500,227.995,0.0146293,957.4382247
31550,228.044,0.0145181,950.3647663
31600,228.094,0.0144077,943.3446953
31650,228.143,0.0142982,936.3762914
31700,228.193,0.0141895,929.4612827
31750,228.242,0.0140817,922.5980776
31800,228.292,0.0139747,915.7882768
31850,228.341,0.0138686,909.030415
31900,228.391,0.0137632,902.3194113
31950,228.44,0.0136588,895.6670359
32000,228.49,0.0135551,889.0615265
32100,228.589,0.0133502,876.0017889
32200,228.756,0.0131446,863.1410309
32300,229.033,0.0129361,850.478461
32400,229.31,0.0127312,838.0197007
32500,229.587,0.0125298,825.7590183
32600,229.864,0.0123318,813.6906504
32700,230.141,0.0121372,801.8154081
32800,230.419,0.0119459,790.1309173
32900,230.696,0.0117579,778.6310529
33000,230.973,0.011573,767.306826
33100,231.25,0.0113912,756.1589759
33200,231.527,0.0112126,745.1948883
33300,231.804,0.0110369,734.3953644
33400,232.081,0.0108642,723.7677579
33500,232.358,0.0106945,713.3127845
33600,232.635,0.0105275,703.0111263
33700,232.912,0.0103634,692.8767989
33800,233.189,0.010202,682.8971065
33900,233.466,0.0100434,673.079395
34000,233.744,0.00988736,663.4110672
34100,234.021,0.00973396,653.8923875
34200,234.298,0.00958313,644.5221608
34300,234.575,0.00943481,635.2969598
34400,234.852,0.00928896,626.2146869
34500,235.129,0.00914553,617.2725564
34600,235.406,0.00900449,608.4691184
34700,235.682,0.0088658,599.7996919
34800,235.959,0.0087294,591.2659025
34900,236.236,0.00859526,582.8636775
35000,236.513,0.00846334,574.5908402
35100,236.79,0.0083336,566.4452014
35200,237.067,0.008206,558.424559
35300,237.344,0.0080805,550.5266983
35400,237.621,0.00795707,542.7500739
35500,237.898,0.00783567,535.0924481
35600,238.175,0.00771627,527.552254
35700,238.452,0.00759882,520.1265462
35800,238.729,0.0074833,512.8144195
35900,239.005,0.00736966,505.6107883
36000,239.282,0.00725789,498.5196772
36100,239.559,0.00714794,491.535946
36200,239.836,0.00703978,484.6579634
36300,240.113,0.00693339,477.8847778
36400,240.39,0.00682872,471.2133613
36500,240.667,0.00672576,464.6434333
36600,240.943,0.00662447,458.1707336
36700,241.22,0.00652482,451.7974151
36800,241.497,0.00642678,445.5198585
36900,241.774,0.00633033,439.33706
37000,242.05,0.00623544,433.2455244
37100,242.327,0.00614208,427.2471437
37200,242.604,0.00605022,421.3383764
37300,242.881,0.00595985,415.5188832
37400,243.157,0.00587092,409.7838444
37500,243.434,0.00578343,404.1369989
37600,243.711,0.00569734,398.5741813
37700,243.988,0.00561263,393.0943247
37800,244.264,0.00552927,387.6940676
37900,244.541,0.00544725,382.376228
38000,244.818,0.00536653,377.1367035
38100,245.094,0.00528711,371.9742863
38200,245.371,0.00520895,366.8895271
38300,245.648,0.00513203,361.8797756
38400,245.924,0.00505634,356.9431703
38500,246.201,0.00498185,352.0808087
38600,246.478,0.00490854,347.2900887
38700,246.754,0.00483639,342.5684869
38800,247.031,0.00476539,337.9183679
38900,247.308,0.0046955,333.3357574
39000,247.584,0.00462672,328.819592
39100,247.861,0.00455903,324.3713893
39200,248.137,0.0044924,319.9866349
39300,248.414,0.00442682,315.6674665
39400,248.69,0.00436227,311.410146
39500,248.967,0.00429873,307.2160124
39600,249.244,0.00423619,303.0833204
39700,249.52,0.00417463,299.0096777
39800,249.797,0.00411403,294.996298
39900,250.073,0.00405438,291.0403127
40000,250.35,0.00399566,287.1428556
40100,250.626,0.00393786,283.3011178
40200,250.903,0.00388095,279.5154351
40300,251.179,0.00382494,275.784496
40400,251.456,0.00376979,272.1078396
40500,251.732,0.0037155,268.4834905
40600,252.009,0.00366205,264.9123554
40700,252.285,0.00360943,261.3917923
40800,252.561,0.003557862,257.9391598
40900,252.838,0.00350661,254.5022972
41000,253.114,0.00345639,251.1312743
41100,253.391,0.00340695,247.8100063
41200,253.667,0.00335826,244.5345241
41300,253.944,0.00331033,241.3076773
41400,254.22,0.00326313,238.1255432
41500,254.496,0.00321666,234.9892595
41600,254.773,0.0031709,231.8984471
41700,255.049,0.00312584,228.8507093
41800,255.325,0.00308147,225.8464029
41900,255.602,0.00303778,222.8858303
42000,255.878,0.00299475,219.9659276
42100,256.154,0.00295238,217.0877363
42200,256.431,0.00291066,214.2515127
42300,256.707,0.00286957,211.4542547
42400,256.983,0.00282911,208.6969595
42500,257.26,0.00278926,205.9791006
42600,257.536,0.00275001,203.2984711
42700,257.812,0.00271136,200.6560257
42800,258.088,0.0026733,198.0511661
42900,258.365,0.00263581,195.4833061
43000,258.641,0.00259888,192.9503146
43100,258.917,0.00256252,190.4538356
43200,259.193,0.0025267,187.9917723
43300,259.47,0.00249141,185.5642234
43400,259.746,0.00245667,183.171366
43500,260.022,0.00242244,180.8110702
43600,260.298,0.00238872,178.4834575
43700,260.575,0.00235552,176.1900731
43800,260.851,0.0023228,173.9266839
43900,261.127,0.00229058,171.6955887
44000,261.403,0.00225884,169.4954056
44100,261.679,0.00222757,167.3254976
44200,261.955,0.00219677,165.1859764
44300,262.232,0.00216643,163.0768228
44400,262.508,0.00213654,160.9961404
44500,262.784,0.00210709,158.9439122
44600,263.06,0.00207808,156.9202429
44700,263.336,0.0020495,154.9244812
44800,263.612,0.00202134,152.9559725
44900,263.888,0.0019936,151.0148167
45000,264.164,0.00196627,149.1003554
45100,264.44,0.00193934,147.2119268
45200,264.716,0.00191281,145.349626
45300,264.992,0.00188668,143.5135482
45400,265.269,0.00186092,141.7020382
45500,265.545,0.00183555,139.9156328
45600,265.821,0.00181054,138.1526771
45700,266.097,0.0017859,136.4140205
45800,266.373,0.00176163,134.699751
45900,266.649,0.00173771,133.0084257
46000,266.925,0.00171414,131.3401277
46100,267.201,0.00169091,129.6941733
46200,267.477,0.00166803,128.071411
46300,267.753,0.00164547,126.4696182
46400,268.029,0.00162325,124.8904099
46500,268.304,0.00160135,123.3318667
46600,268.58,0.00157976,121.7942193
46700,268.856,0.00155849,120.2778472
46800,269.132,0.00153753,118.7820539
46900,269.408,0.00151687,117.3061397
47000,269.684,0.00149651,115.8501759
47100,269.96,0.00147645,114.4142339
47200,270.236,0.00145667,112.9968335
47300,270.512,0.00143718,111.5988177
47400,270.65,0.00141869,110.2192451
47500,270.65,0.00140116,108.8573244
47600,270.65,0.00138384,107.5117187
47700,270.65,0.00136674,106.183205
47800,270.65,0.00134985,104.8710064
47900,270.65,0.0013317,103.4609173
48000,270.65,0.00131669,102.2947775
48100,270.65,0.00130042,101.0307472
48200,270.65,0.00128435,99.7822551
48300,270.65,0.00126849,98.55007807
48400,270.65,0.00125281,97.3318854
48500,270.65,0.00123733,96.12923089
48600,270.65,0.00122205,94.94211457
48700,270.65,0.00120695,93.76898259
48800,270.65,0.00119204,92.61061188
48900,270.65,0.00117731,91.46622552
49000,270.65,0.00116277,90.33660043
49100,270.65,0.0011484,89.22018278
49200,270.65,0.00113422,88.1185264
49300,270.65,0.00112021,87.03007746
49400,270.65,0.00110637,85.95483597
49500,270.65,0.00109927,85.40323086
49600,270.65,0.00107921,83.84475223
49700,270.65,0.00106588,82.80913307
49800,270.65,0.00105271,81.78594446
49900,270.65,0.00103971,80.77596329
50000,270.65,0.00102687,79.77841265
50100,270.65,0.00101419,78.79329256
50200,270.65,0.00100167,77.820603
50300,270.65,0.000989299,76.85948938
50400,270.65,0.000977083,75.91041784
50500,270.65,0.000965018,74.97307763
50600,270.65,0.000953102,74.04731335
50700,270.65,0.000941335,73.13312501
50800,270.65,0.000929712,72.23012415
50900,270.65,0.000918234,71.33838847
51000,270.65,0.000906897,70.4576072
51200,270.65,0.000884644,68.7287525
51400,270.65,0.000862938,67.04239471
51600,270.133,0.000843356,65.39589293
51800,269.582,0.000824287,63.78686161
52000,269.031,0.000805613,62.21436675
52200,268.48,0.000787325,60.67752731
52400,267.93,0.000769418,59.17599644
52600,267.379,0.000751883,57.70845584
52800,266.828,0.000734714,56.27449544
53000,266.277,0.000717904,54.87340652
53200,265.726,0.000701446,53.50448479
53400,265.176,0.000685333,52.16722712
53600,264.625,0.000669559,50.86061607
53800,264.074,0.000654117,49.58416151
54000,263.524,0.000639001,48.33743545
54200,262.973,0.000624205,47.1194592
54400,262.423,0.000609723,45.92999173
54600,261.872,0.000595547,44.76792855
54800,261.322,0.000581674,43.6332456
55000,260.771,0.000568096,42.52486242
55200,260.221,0.000554809,41.44267045
55400,259.67,0.000541806,40.38568759
55600,259.12,0.000529081,39.35364776
55800,258.57,0.000516631,38.34603734
56000,258.019,0.00050448,37.36435886
56200,257.469,0.000492528,36.40137298
56400,256.919,0.000480867,35.4636221
56600,256.369,0.000469457,34.54802474
56800,255.819,0.000458296,33.65431513
57000,255.268,0.000447377,32.781734
57200,254.718,0.000436697,31.93020728
57400,254.168,0.00042625,31.09905246
57600,253.618,0.000416031,30.28779517
57800,253.068,0.000406037,29.49610948
58000,252.518,0.000396263,28.72352641
58200,251.969,0.000386703,27.96961878
58400,251.419,0.00037355,26.95930728
58600,250.869,0.000368214,26.51607196
58800,250.319,0.000359275,25.81562873
59000,249.769,0.000350535,25.13227575
59200,249.22,0.00034199,24.46573077
59400,248.67,0.000333635,23.81534579
59600,248.12,0.000325467,23.18091779
59800,247.571,0.000317482,22.56216504
60000,247.021,0.000309676,21.95853275
60200,246.471,0.000302046,21.3698173
60400,245.922,0.000294588,20.79573753
60600,245.372,0.000287299,20.23582945
60800,244.823,0.000280174,19.68982876
61000,244.273,0.000273212,19.15742482
61200,243.724,0.000266407,18.6382796
61400,243.175,0.000259758,18.13216864
61600,242.625,0.000253261,17.63866691
61800,242.076,0.000246912,17.15757181
62000,241.527,0.000240709,16.68860014
62200,240.978,0.000234649,16.23147536
62400,240.428,0.000228728,15.78578813
62600,239.879,0.000222944,15.35146801
62800,239.33,0.000217294,14.92817676
63000,238.781,0.000211774,14.51557686
63200,238.232,0.000206384,14.11360685
63400,237.683,0.000201118,13.7217959
63600,237.134,0.000195976,13.34008539
63800,236.585,0.000190954,12.96814505
64000,236.036,0.00018605,12.60578263
64200,235.487,0.000181261,12.25273955
64400,234.939,0.000176585,11.90887725
64600,234.39,0.000172019,11.57383778
64800,233.841,0.000167561,11.24748691
65000,233.292,0.000163209,10.92963965
65200,232.744,0.000158961,10.62015789
65400,232.195,0.000154813,10.31863341
65600,231.646,0.000150765,10.02506578
65800,231.098,0.000146814,9.739250844
66000,230.549,0.000142957,9.460858825
66200,230.001,0.000139193,9.189862487
66400,229.452,0.00013552,8.926005167
66600,228.904,0.000131935,8.66912563
66800,228.355,0.000128437,8.419039972
67000,227.807,0.000125025,8.175716461
67200,227.258,0.000121695,7.938780764
67400,226.71,0.000118446,7.708199906
67600,226.162,0.000115277,7.483834851
67800,225.614,0.000112185,7.265453558
68000,225.065,0.000109169,7.052923745
68200,224.517,0.000106227,6.846144169
68400,223.969,0.000103358,6.644983415
68600,223.421,0.00010056,6.449278765
68800,222.873,9.78309E-05,6.258862363
69000,222.325,9.51698E-05,6.073644257
69200,221.777,9.25749E-05,5.893477766
69400,221.229,9.00448E-05,5.718242742
69600,220.681,0.000087578,5.547813585
69800,220.133,0.000085173,5.382065639
70000,219.585,8.28284E-05,5.220881492
70200,219.037,8.05429E-05,5.064150905
70400,218.489,7.83151E-05,4.911758181
70600,217.941,7.61437E-05,4.763594762
70800,217.394,7.40274E-05,4.619574158
71000,216.846,7.19649E-05,4.479546355
71200,216.298,6.99551E-05,4.343439523
71400,215.751,6.79965E-05,4.211155414
71600,215.203,6.60882E-05,4.082574683
71800,214.655,6.42289E-05,3.957613572
72000,214.263,0.000062373,3.836239457
72200,213.872,6.05672E-05,3.718376151
72400,213.481,5.88106E-05,3.603933195
72600,213.09,0.000057102,3.492820622
72800,212.699,0.000055441,3.384997845
73000,212.308,5.38238E-05,3.280217253
73200,211.917,5.22518E-05,3.178549261
73400,211.526,0.000050723,3.079857211
73600,211.135,4.92364E-05,2.984065951
73800,210.744,4.77908E-05,2.891088677
74000,210.353,4.63852E-05,2.800851202
74200,209.962,4.50184E-05,2.713267733
74400,209.571,4.36896E-05,2.628277079
74600,209.181,4.23978E-05,2.54581857
74800,208.79,4.11419E-05,2.46578912
75000,208.399,0.000039921,2.388135341
75200,208.008,3.87342E-05,2.312791712
75400,207.618,3.75807E-05,2.239709859
75600,207.227,3.64595E-05,2.168797189
75800,206.837,3.53698E-05,2.100016599
76000,206.445,3.43108E-05,2.033279615
76200,206.055,3.32816E-05,1.968562679
76400,205.665,3.22815E-05,1.905794151
76600,205.274,3.13097E-05,1.844908131
76800,204.884,3.03654E-05,1.785866309
77000,204.493,2.94479E-05,1.728600639
77200,204.103,2.85566E-05,1.673084131
77400,203.712,2.76906E-05,1.619238689
77600,203.322,2.68494E-05,1.567042775
77800,202.931,2.60322E-05,1.516425787
78000,202.541,2.52385E-05,1.467365768
78200,202.151,2.44675E-05,1.419800695
78400,201.76,2.37187E-05,1.373687178
78600,201.37,2.29915E-05,1.328996905
78800,200.98,2.22853E-05,1.285680983
79000,200.59,2.15995E-05,1.24369781
79200,200.199,2.09336E-05,1.203005793
79400,199.809,0.000020287,1.163576037
79600,199.419,1.96592E-05,1.12536724
79800,199.029,1.90497E-05,1.08834452
80000,198.639,0.000018458,1.052473223
