geometric_altitude,geopotential_altitude,temperature_kelvin,temperature_centigrade,pressure,density,gravity
-5000.0,-5004.0,320.676,47.526,1777.62,1.93113,9.8221
-4950.0,-4954.0,320.35,47.2,1768.15,1.9228,9.8219
-4900.0,-4904.0,320.025,46.875,1758.73,1.9145,9.8218
-4850.0,-4854.0,319.699,46.549,1749.35,1.90622,9.8216
-4800.0,-4804.0,319.374,46.224,1740.01,1.89798,9.8215
-4750.0,-4754.0,319.048,45.898,1730.71,1.88976,9.8213
-4700.0,-4703.0,318.723,45.573,1721.45,1.88157,9.8212
-4650.0,-4653.0,318.397,45.247,1712.23,1.8734,9.821
-4600.0,-4603.0,318.072,44.922,1703.05,1.86527,9.8209
-4550.0,-4553.0,317.746,44.596,1693.91,1.85716,9.8207
-4500.0,-4503.0,317.421,44.271,1684.81,1.84907,9.8205
-4450.0,-4453.0,317.095,43.945,1675.75,1.84102,9.8204
-4400.0,-4403.0,316.77,43.62,1666.73,1.83299,9.8202
-4350.0,-4353.0,316.444,43.294,1657.75,1.82499,9.8201
-4300.0,-4303.0,316.119,42.969,1648.81,1.81701,9.8199
-4250.0,-4253.0,315.793,42.643,1639.91,1.80907,9.8198
-4200.0,-4203.0,315.468,42.318,1631.05,1.80115,9.8196
-4150.0,-4153.0,315.143,41.993,1622.22,1.79325,9.8195
-4100.0,-4103.0,314.817,41.667,1613.44,1.78538,9.8193
-4050.0,-4053.0,314.492,41.342,1604.69,1.77754,9.8192
-4000.0,-4003.0,314.166,41.016,1595.98,1.76973,9.819
-3950.0,-3952.0,313.841,40.691,1587.31,1.76194,9.8188
-3900.0,-3902.0,313.516,40.366,1578.68,1.75418,9.8187
-3850.0,-3852.0,313.19,40.04,1570.09,1.74644,9.8185
-3800.0,-3802.0,312.865,39.715,1561.54,1.73873,9.8184
-3750.0,-3752.0,312.539,39.389,1553.02,1.73105,9.8182
-3700.0,-3702.0,312.214,39.064,1544.54,1.72339,9.8181
-3650.0,-3652.0,311.889,38.739,1536.1,1.71576,9.8179
-3600.0,-3602.0,311.563,38.413,1527.69,1.70816,9.8178
-3550.0,-3552.0,311.238,38.088,1519.33,1.70058,9.8176
-3500.0,-3502.0,310.913,37.763,1511.0,1.69303,9.8175
-3450.0,-3452.0,310.587,37.437,1502.71,1.6855,9.8173
-3400.0,-3402.0,310.262,37.112,1494.45,1.678,9.8171
-3350.0,-3352.0,309.936,36.786,1486.23,1.67052,9.817
-3300.0,-3302.0,309.611,36.461,1478.05,1.66307,9.8168
-3250.0,-3252.0,309.286,36.136,1469.91,1.65565,9.8167
-3200.0,-3202.0,308.96,35.81,1461.8,1.64825,9.8165
-3150.0,-3152.0,308.635,35.485,1453.73,1.64088,9.8164
-3100.0,-3102.0,308.31,35.16,1445.69,1.63353,9.8162
-3050.0,-3051.0,307.985,34.835,1437.69,1.6262,9.8161
-3000.0,-3001.0,307.659,34.509,1429.73,1.61891,9.8159
-2950.0,-2951.0,307.334,34.184,1421.8,1.61163,9.8158
-2900.0,-2901.0,307.009,33.859,1413.91,1.60439,9.8156
-2850.0,-2851.0,306.683,33.533,1406.05,1.59716,9.8154
-2800.0,-2801.0,306.358,33.208,1398.23,1.58997,9.8153
-2750.0,-2751.0,306.033,32.883,1390.45,1.58279,9.8151
-2700.0,-2701.0,305.707,32.557,1382.7,1.57565,9.815
-2650.0,-2651.0,305.382,32.232,1374.98,1.56852,9.8148
-2600.0,-2601.0,305.057,31.907,1367.3,1.56143,9.8147
-2550.0,-2551.0,304.732,31.582,1359.66,1.55435,9.8145
-2500.0,-2501.0,304.406,31.256,1352.05,1.54731,9.8144
-2450.0,-2451.0,304.081,30.931,1344.47,1.54028,9.8142
-2400.0,-2401.0,303.756,30.606,1336.93,1.53328,9.8141
-2350.0,-2351.0,303.431,30.281,1329.42,1.52631,9.8139
-2300.0,-2301.0,303.105,29.955,1321.95,1.51936,9.8138
-2250.0,-2251.0,302.78,29.63,1314.51,1.51243,9.8136
-2200.0,-2201.0,302.455,29.305,1307.11,1.50553,9.8134
-2150.0,-2151.0,302.13,28.98,1299.74,1.49865,9.8133
-2100.0,-2101.0,301.805,28.655,1292.4,1.4918,9.8131
-2050.0,-2051.0,301.479,28.329,1285.1,1.48497,9.813
-2000.0,-2001.0,301.154,28.004,1277.83,1.47816,9.8128
-1950.0,-1951.0,300.829,27.679,1270.59,1.47138,9.8127
-1900.0,-1901.0,300.504,27.354,1263.39,1.46462,9.8125
-1850.0,-1851.0,300.179,27.029,1256.22,1.45789,9.8124
-1800.0,-1801.0,299.853,26.703,1249.09,1.45118,9.8122
-1750.0,-1750.0,299.528,26.378,1241.98,1.44449,9.8121
-1700.0,-1700.0,299.203,26.053,1234.91,1.43783,9.8119
-1650.0,-1650.0,298.878,25.728,1227.87,1.43119,9.8117
-1600.0,-1600.0,298.553,25.403,1220.87,1.42458,9.8116
-1550.0,-1550.0,298.227,25.077,1213.9,1.41799,9.8114
-1500.0,-1500.0,297.902,24.752,1206.96,1.41142,9.8113
-1450.0,-1450.0,297.577,24.427,1200.05,1.40487,9.8111
-1400.0,-1400.0,297.252,24.102,1193.17,1.39835,9.811
-1350.0,-1350.0,296.927,23.777,1186.33,1.39186,9.8108
-1300.0,-1300.0,296.602,23.452,1179.52,1.38538,9.8107
-1250.0,-1250.0,296.277,23.127,1172.74,1.37893,9.8105
-1200.0,-1200.0,295.951,22.801,1165.99,1.3725,9.8104
-1150.0,-1150.0,295.626,22.476,1159.27,1.3661,9.8102
-1100.0,-1100.0,295.301,22.151,1152.59,1.35971,9.81
-1050.0,-1050.0,294.976,21.826,1145.93,1.35335,9.8099
-1000.0,-1000.0,294.651,21.501,1139.31,1.34702,9.8097
-950.0,-950.0,294.326,21.176,1132.72,1.3407,9.8096
-900.0,-900.0,294.001,20.851,1126.16,1.33441,9.8094
-850.0,-850.0,293.676,20.526,1119.63,1.32814,9.8093
-800.0,-800.0,293.351,20.201,1113.13,1.3219,9.8091
-750.0,-750.0,293.026,19.876,1106.66,1.31567,9.809
-700.0,-700.0,292.701,19.551,1100.23,1.30947,9.8088
-650.0,-650.0,292.375,19.225,1093.82,1.3033,9.8087
-600.0,-600.0,292.05,18.9,1087.44,1.29714,9.8085
-550.0,-550.0,291.725,18.575,1081.1,1.29101,9.8083
-500.0,-500.0,291.4,18.25,1074.78,1.2849,9.8082
-450.0,-450.0,291.075,17.925,1068.49,1.27881,9.808
-400.0,-400.0,290.75,17.6,1062.24,1.27274,9.8079
-350.0,-350.0,290.425,17.275,1056.01,1.2667,9.8077
-300.0,-300.0,290.1,16.95,1049.81,1.26067,9.8076
-250.0,-250.0,289.775,16.625,1043.65,1.25467,9.8074
-200.0,-200.0,289.45,16.3,1037.51,1.2487,9.8073
-150.0,-150.0,289.125,15.975,1031.4,1.24274,9.8071
-100.0,-100.0,288.8,15.65,1025.32,1.2368,9.807
-50.0,-50.0,288.475,15.325,1019.27,1.23089,9.8068
0.0,0.0,288.15,15.0,1013.25,1.225,9.8067
50.0,50.0,287.825,14.675,1007.26,1.21913,9.8065
100.0,100.0,287.5,14.35,1001.29,1.21328,9.8063
150.0,150.0,287.175,14.025,995.359,1.20746,9.8062
200.0,200.0,286.85,13.7,989.453,1.20165,9.806
250.0,250.0,286.525,13.375,983.576,1.19587,9.8059
300.0,300.0,286.2,13.05,977.727,1.19011,9.8057
350.0,350.0,285.875,12.725,971.906,1.18437,9.8056
400.0,400.0,285.55,12.4,966.113,1.17865,9.8054
450.0,450.0,285.225,12.075,960.349,1.17295,9.8053
500.0,500.0,284.9,11.75,954.612,1.16727,9.8051
550.0,550.0,284.575,11.425,948.904,1.16162,9.805
600.0,600.0,284.25,11.1,943.223,1.15598,9.8048
650.0,650.0,283.925,10.775,937.569,1.15037,9.8046
700.0,700.0,283.601,10.451,931.944,1.14478,9.8045
750.0,750.0,283.276,10.126,926.345,1.13921,9.8043
800.0,800.0,282.951,9.801,920.775,1.13365,9.8042
850.0,850.0,282.626,9.476,915.231,1.12812,9.804
900.0,900.0,282.301,9.151,909.714,1.12262,9.8039
950.0,950.0,281.976,8.826,904.225,1.11713,9.80371
1000.0,1000.0,281.651,8.501,898.763,1.11166,9.8036
1050.0,1050.0,281.326,8.176,893.327,1.10621,9.8034
1100.0,1100.0,281.001,7.851,887.918,1.10079,9.8033
1150.0,1150.0,280.676,7.526,882.536,1.09538,9.8031
1200.0,1200.0,280.351,7.201,877.18,1.08999,9.8029
1250.0,1250.0,280.027,6.877,871.851,1.08463,9.8028
1300.0,1300.0,279.702,6.552,866.548,1.07928,9.8026
1350.0,1350.0,279.377,6.227,861.271,1.07396,9.8025
1400.0,1400.0,279.052,5.902,856.02,1.06865,9.8023
1450.0,1450.0,278.727,5.577,850.795,1.06337,9.8022
1500.0,1500.0,278.402,5.252,845.597,1.0581,9.802
1550.0,1550.0,278.077,4.927,840.424,1.05286,9.8019
1600.0,1600.0,277.753,4.603,835.277,1.04764,9.8017
1650.0,1650.0,277.428,4.278,830.155,1.04243,9.8016
1700.0,1700.0,277.103,3.953,825.059,1.03725,9.8014
1750.0,1750.0,276.778,3.628,819.989,1.03208,9.8013
1800.0,1799.0,276.453,3.303,814.943,1.02694,9.8011
1850.0,1849.0,276.128,2.979,809.923,1.02181,9.8009
1900.0,1899.0,275.804,2.654,804.929,1.01671,9.8008
1950.0,1949.0,275.479,2.329,799.959,1.01162,9.8006
2000.0,1999.0,275.154,2.004,795.014,1.00655,9.8005
2050.0,2049.0,274.829,1.679,790.094,1.00151,9.8003
2100.0,2099.0,274.505,1.355,785.199,0.996479,9.8002
2150.0,2149.0,274.18,1.03,780.329,0.991471,9.8
2200.0,2199.0,273.855,0.705,775.483,0.986483,9.7999
2250.0,2249.0,273.53,38.0,770.661,0.981513,9.7997
2300.0,2299.0,273.205,5.5,765.864,0.976563,9.7996
2350.0,2349.0,272.881,-26.9,761.091,0.971632,9.7994
2400.0,2399.0,272.556,-59.4,756.342,0.966721,9.7992
2450.0,2449.0,272.231,-91.9,751.618,0.961828,9.7991
2500.0,2499.0,271.906,-124.4,746.917,0.956954,9.7989
2550.0,2549.0,271.582,-156.8,742.241,0.9521,9.7988
2600.0,2599.0,271.257,-189.3,737.588,0.947264,9.7986
2650.0,2649.0,270.932,-221.8,732.959,0.942447,9.7985
2700.0,2699.0,270.607,-254.3,728.353,0.937649,9.7983
2750.0,2749.0,270.283,-286.7,723.771,0.93287,9.7982
2800.0,2799.0,269.958,-319.2,719.213,0.92811,9.798
2850.0,2849.0,269.633,-351.7,714.678,0.923368,9.7979
2900.0,2899.0,269.309,-384.1,710.166,0.918645,9.7977
2950.0,2949.0,268.984,-416.6,705.677,0.91394,9.7976
3000.0,2999.0,268.659,-449.1,701.212,0.909254,9.7974
3050.0,3049.0,268.335,-481.5,696.769,0.904587,9.7972
3100.0,3098.0,268.01,-514.0,692.349,0.899938,9.7971
3150.0,3148.0,267.685,-546.5,687.952,0.895307,9.7969
3200.0,3198.0,267.36,-579.0,683.578,0.890694,9.7968
3250.0,3248.0,267.036,-611.4,679.226,0.8861,9.7966
3300.0,3298.0,266.711,-643.9,674.897,0.881524,9.7965
3350.0,3348.0,266.386,-676.4,670.59,0.876967,9.7963
3400.0,3398.0,266.062,-708.8,666.306,0.872427,9.7962
3450.0,3448.0,265.737,-741.3,662.044,0.867905,9.796
3500.0,3498.0,265.413,-773.7,657.804,0.863402,9.7959
3550.0,3548.0,265.088,-806.2,653.586,0.858916,9.7957
3600.0,3598.0,264.763,-838.7,649.39,0.854449,9.7956
3650.0,3648.0,264.439,-871.1,645.216,0.849999,9.7954
3700.0,3698.0,264.114,-903.6,641.064,0.845567,9.7952
3750.0,3748.0,263.789,-936.1,636.933,0.841153,9.7951
3800.0,3798.0,263.465,-968.5,632.825,0.836756,9.7949
3850.0,3848.0,263.14,-1001.0,628.737,0.832377,9.7948
3900.0,3898.0,262.816,-1033.4,624.672,0.828016,9.7946
3950.0,3948.0,262.491,-1065.9,620.627,0.823673,9.7945
4000.0,3997.0,262.166,-1098.4,616.604,0.819347,9.7943
4050.0,4047.0,261.842,-1130.8,612.602,0.815038,9.7942
4100.0,4097.0,261.517,-1163.3,608.622,0.810747,9.794
4150.0,4147.0,261.193,-1195.7,604.662,0.806473,9.7939
4200.0,4197.0,260.868,-1228.2,600.723,0.802216,9.7937
4250.0,4247.0,260.543,-1260.7,596.805,0.797977,9.7936
4300.0,4297.0,260.219,-1293.1,592.908,0.793755,9.7934
4350.0,4347.0,259.894,-1325.6,589.032,0.78955,9.7932
4400.0,4397.0,259.57,-1358.0,585.176,0.785363,9.7931
4450.0,4447.0,259.245,-1390.5,581.34,0.781192,9.7929
4500.0,4497.0,258.921,-1422.9,577.526,0.777038,9.7928
4550.0,4547.0,258.596,-1455.4,573.731,0.772902,9.7926
4600.0,4597.0,258.272,-1487.8,569.957,0.768782,9.7925
4650.0,4647.0,257.947,-1520.3,566.203,0.764679,9.7923
4700.0,4697.0,257.623,-1552.7,562.469,0.760593,9.7922
4750.0,4746.0,257.298,-1585.2,558.755,0.756524,9.792
4800.0,4796.0,256.974,-1617.6,555.061,0.752472,9.7919
4850.0,4846.0,256.649,-1650.1,551.387,0.748436,9.7917
4900.0,4896.0,256.325,-1682.5,547.732,0.744417,9.7915
4950.0,4946.0,256.0,-1715.0,544.098,0.740415,9.7914
5000.0,4996.0,255.676,-1747.4,540.483,0.736429,9.7912
5050.0,5046.0,255.351,-1779.9,536.887,0.732459,9.7911
5100.0,5096.0,255.027,-1812.3,533.311,0.728506,9.7909
5150.0,5146.0,254.702,-1844.8,529.754,0.72457,9.7908
5200.0,5196.0,254.378,-1877.2,526.217,0.720649,9.7906
5250.0,5246.0,254.053,-1909.7,522.699,0.716745,9.7905
5300.0,5296.0,253.729,-1942.1,519.2,0.712858,9.7903
5350.0,5346.0,253.404,-1974.6,515.72,0.708986,9.7902
5400.0,5395.0,253.08,-2007.0,512.259,0.705131,9.79
5450.0,5445.0,252.755,-2039.5,508.816,0.701292,9.7899
5500.0,5495.0,252.431,-2071.9,505.393,0.697469,9.7897
5550.0,5545.0,252.106,-2104.4,501.988,0.693662,9.7895
5600.0,5595.0,251.782,-2136.8,498.602,0.689871,9.7894
5650.0,5645.0,251.458,-2169.2,495.235,0.686095,9.7892
5700.0,5695.0,251.133,-2201.7,491.886,0.682336,9.7891
5750.0,5745.0,250.809,-2234.1,488.555,0.678593,9.7889
5800.0,5795.0,250.484,-2266.6,485.243,0.674865,9.7888
5850.0,5845.0,250.16,-2299.0,481.949,0.671153,9.7886
5900.0,5895.0,249.836,-2331.4,478.673,0.667457,9.7885
5950.0,5944.0,249.511,-2363.9,475.416,0.663776,9.7883
6000.0,5994.0,249.187,-2396.3,472.176,0.660111,9.7882
6050.0,6044.0,248.862,-2428.8,468.955,0.656462,9.788
6100.0,6094.0,248.538,-2461.2,465.751,0.652828,9.7879
6150.0,6144.0,248.214,-2493.6,462.565,0.64921,9.7877
6200.0,6194.0,247.889,-2526.1,459.396,0.645607,9.7875
6250.0,6244.0,247.565,-2558.5,456.246,0.642019,9.7874
6300.0,6294.0,247.241,-2590.9,453.113,0.638447,9.7872
6350.0,6344.0,246.916,-2623.4,449.997,0.63489,9.7871
6400.0,6394.0,246.592,-2655.8,446.899,0.631348,9.7869
6450.0,6443.0,246.267,-2688.3,443.818,0.627821,9.7868
6500.0,6493.0,245.943,-2720.7,440.755,0.62431,9.7866
6550.0,6543.0,245.619,-2753.1,437.708,0.620813,9.7865
6600.0,6593.0,245.294,-2785.6,434.679,0.617332,9.7863
6650.0,6643.0,244.97,-2818.0,431.667,0.613866,9.7862
6700.0,6693.0,244.646,-2850.4,428.672,0.610415,9.786
6750.0,6743.0,244.322,-2882.8,425.693,0.606978,9.7859
6800.0,6793.0,243.997,-2915.3,422.732,0.603557,9.7857
6850.0,6843.0,243.673,-2947.7,419.787,0.60015,9.7855
6900.0,6893.0,243.349,-2980.1,416.859,0.596758,9.7854
6950.0,6942.0,243.024,-3012.6,413.947,0.593381,9.7852
7000.0,6992.0,242.7,-3045.0,411.053,0.590018,9.7851
7050.0,7042.0,242.376,-3077.4,408.174,0.586671,9.7849
7100.0,7092.0,242.051,-3109.9,405.312,0.583337,9.7848
7150.0,7142.0,241.727,-3142.3,402.466,0.580019,9.7846
7200.0,7192.0,241.403,-3174.7,399.637,0.576715,9.7845
7250.0,7242.0,241.079,-3207.1,396.823,0.573425,9.7843
7300.0,7292.0,240.754,-3239.6,394.026,0.57015,9.7842
7350.0,7342.0,240.43,-3272.0,391.245,0.566889,9.784
7400.0,7391.0,240.106,-3304.4,388.48,0.563642,9.7839
7450.0,7441.0,239.782,-3336.8,385.73,0.56041,9.7837
7500.0,7491.0,239.457,-3369.3,382.997,0.557192,9.7836
7550.0,7541.0,239.133,-3401.7,380.279,0.553988,9.7834
7600.0,7591.0,238.809,-3434.1,377.577,0.550798,9.7832
7650.0,7641.0,238.485,-3466.5,374.89,0.547623,9.7831
7700.0,7691.0,238.161,-3498.9,372.219,0.544462,9.7829
7750.0,7741.0,237.836,-3531.4,369.564,0.541314,9.7828
7800.0,7790.0,237.512,-3563.8,366.924,0.538181,9.7826
7850.0,7840.0,237.188,-3596.2,364.299,0.535061,9.7825
7950.0,7940.0,236.54,-3661.0,359.095,0.528864,9.7822
8000.0,7990.0,236.215,-3693.5,356.516,0.525786,9.782
8050.0,8040.0,235.891,-3725.9,353.952,0.522722,9.7819
8100.0,8090.0,235.567,-3758.3,351.403,0.519671,9.7817
8150.0,8140.0,235.243,-3790.7,348.869,0.516635,9.7816
8200.0,8189.0,234.919,-3823.1,346.349,0.513612,9.7814
8250.0,8239.0,234.595,-3855.5,343.845,0.510602,9.7812
8300.0,8289.0,234.27,-3888.0,341.355,0.507606,9.7811
8350.0,8339.0,233.946,-3920.4,338.88,0.504624,9.7809
8400.0,8389.0,233.622,-3952.8,336.419,0.501655,9.7808
8450.0,8439.0,233.298,-3985.2,333.973,0.498699,9.7806
8500.0,8489.0,232.974,-4017.6,331.542,0.495757,9.7805
8550.0,8539.0,232.65,-4050.0,329.124,0.492829,9.7803
8600.0,8588.0,232.326,-4082.4,326.722,0.489913,9.7802
8650.0,8638.0,232.001,-4114.9,324.333,0.487011,9.78
8700.0,8688.0,231.677,-4147.3,321.959,0.484122,9.7799
8750.0,8738.0,231.353,-4179.7,319.598,0.481246,9.7797
8800.0,8788.0,231.029,-4212.1,317.252,0.478383,9.7796
8850.0,8838.0,230.705,-4244.5,314.92,0.475534,9.7794
8900.0,8888.0,230.381,-4276.9,312.602,0.472697,9.7792
8950.0,8937.0,230.057,-4309.3,310.297,0.469874,9.7791
9000.0,8987.0,229.733,-4341.7,308.007,0.467063,9.7789
9050.0,9037.0,229.409,-4374.1,305.73,0.464265,9.7788
9100.0,9087.0,229.085,-4406.5,303.467,0.461481,9.7786
9150.0,9137.0,228.76,-4439.0,301.217,0.458709,9.7785
9200.0,9187.0,228.436,-4471.4,298.981,0.455949,9.7783
9250.0,9237.0,228.112,-4503.8,296.759,0.453203,9.7782
9300.0,9286.0,227.788,-4536.2,294.55,0.450469,9.778
9350.0,9336.0,227.464,-4568.6,292.354,0.447748,9.7779
9400.0,9386.0,227.14,-4601.0,290.172,0.44504,9.7777
9450.0,9436.0,226.816,-4633.4,288.003,0.442344,9.7776
9500.0,9486.0,226.492,-4665.8,285.847,0.439661,9.7774
9550.0,9536.0,226.168,-4698.2,283.704,0.43699,9.7773
9600.0,9586.0,225.844,-4730.6,281.574,0.434332,9.7771
9650.0,9635.0,225.52,-4763.0,279.457,0.431686,9.7769
9700.0,9685.0,225.196,-4795.4,277.353,0.429053,9.7768
9750.0,9735.0,224.872,-4827.8,275.262,0.426432,9.7766
9800.0,9785.0,224.548,-4860.2,273.184,0.423823,9.7765
9850.0,9835.0,224.224,-4892.6,271.119,0.421227,9.7763
9900.0,9885.0,223.9,-4925.0,269.066,0.418642,9.7762
9950.0,9934.0,223.576,-4957.4,267.026,0.41607,9.776
10000.0,9984.0,223.252,-4989.8,264.999,0.41351,9.7759
10050.0,10034.0,222.928,-5022.2,262.984,0.410962,9.7757
10100.0,10084.0,222.604,-5054.6,260.981,0.408427,9.7756
10150.0,10134.0,222.28,-5087.0,258.991,0.405903,9.7754
10200.0,10184.0,221.956,-5119.4,257.013,0.403391,9.7753
10250.0,10233.0,221.632,-5151.8,255.048,0.400891,9.7751
10300.0,10283.0,221.308,-5184.2,253.095,0.398404,9.7749
10350.0,10333.0,220.984,-5216.6,251.153,0.395928,9.7748
10400.0,10383.0,220.66,-5249.0,249.225,0.393463,9.7746
10450.0,10433.0,220.336,-5281.4,247.308,0.391011,9.7745
10500.0,10483.0,220.013,-5313.7,245.402,0.38857,9.7743
10550.0,10533.0,219.689,-5346.1,243.51,0.386141,9.7742
10600.0,10582.0,219.365,-5378.5,241.628,0.383724,9.774
10650.0,10632.0,219.041,-5410.9,239.759,0.381319,9.7739
10700.0,10682.0,218.717,-5443.3,237.901,0.378924,9.7737
10750.0,10732.0,218.393,-5475.7,236.055,0.376542,9.7736
10800.0,10782.0,218.069,-5508.1,234.221,0.374171,9.7734
10850.0,10832.0,217.745,-5540.5,232.398,0.371812,9.7733
10900.0,10881.0,217.421,-5572.9,230.587,0.369463,9.7731
10950.0,10931.0,217.097,-5605.3,228.788,0.367127,9.773
11000.0,10981.0,216.774,-5637.6,226.999,0.364801,9.7728
11050.0,11031.0,216.65,-5650.0,225.223,0.362152,9.7726
11100.0,11081.0,216.65,-5650.0,223.46,0.359318,9.7725
11150.0,11130.0,216.65,-5650.0,221.711,0.356506,9.7723
11200.0,11180.0,216.65,-5650.0,219.976,0.353716,9.7722
11250.0,11230.0,216.65,-5650.0,218.255,0.350948,9.772
11300.0,11280.0,216.65,-5650.0,216.547,0.348201,9.7719
11350.0,11330.0,216.65,-5650.0,214.852,0.345477,9.7717
11400.0,11380.0,216.65,-5650.0,213.171,0.342773,9.7716
11450.0,11429.0,216.65,-5650.0,211.502,0.340091,9.7714
11500.0,11479.0,216.65,-5650.0,209.847,0.337429,9.7713
11550.0,11529.0,216.65,-5650.0,208.205,0.334789,9.7711
11600.0,11579.0,216.65,-5650.0,206.576,0.332169,9.771
11650.0,11629.0,216.65,-5650.0,204.96,0.32957,9.7708
11700.0,11679.0,216.65,-5650.0,203.356,0.326991,9.7706
11750.0,11728.0,216.65,-5650.0,201.765,0.324433,9.7705
11800.0,11778.0,216.65,-5650.0,200.186,0.321894,9.7703
11850.0,11828.0,216.65,-5650.0,198.62,0.319375,9.7702
11900.0,11878.0,216.65,-5650.0,197.066,0.316877,9.77
11950.0,11928.0,216.65,-5650.0,195.524,0.314397,9.7699
12000.0,11977.0,216.65,-5650.0,193.994,0.311937,9.7697
12050.0,12027.0,216.65,-5650.0,192.476,0.309497,9.7696
12100.0,12077.0,216.65,-5650.0,190.97,0.307075,9.7694
12150.0,12127.0,216.65,-5650.0,189.476,0.304673,9.7693
12200.0,12177.0,216.65,-5650.0,187.994,0.302289,9.7691
12250.0,12226.0,216.65,-5650.0,186.523,0.299924,9.769
12300.0,12276.0,216.65,-5650.0,185.064,0.297578,9.7688
12350.0,12326.0,216.65,-5650.0,183.616,0.29525,9.7687
12400.0,12376.0,216.65,-5650.0,182.18,0.29294,9.7685
12450.0,12426.0,216.65,-5650.0,180.754,0.290649,9.7683
12500.0,12475.0,216.65,-5650.0,179.34,0.288375,9.7682
12550.0,12525.0,216.65,-5650.0,177.937,0.286119,9.768
12600.0,12575.0,216.65,-5650.0,176.546,0.283881,9.7679
12650.0,12625.0,216.65,-5650.0,175.165,0.28166,9.7677
12700.0,12675.0,216.65,-5650.0,173.794,0.279457,9.7676
12750.0,12724.0,216.65,-5650.0,172.435,0.277271,9.7674
12800.0,12774.0,216.65,-5650.0,171.086,0.275102,9.7673
12850.0,12824.0,216.65,-5650.0,169.748,0.27295,9.7671
12900.0,12874.0,216.65,-5650.0,168.42,0.270815,9.767
12950.0,12924.0,216.65,-5650.0,167.103,0.268697,9.7668
13000.0,12973.0,216.65,-5650.0,165.796,0.266595,9.7667
13050.0,13023.0,216.65,-5650.0,164.499,0.26451,9.7665
13100.0,13073.0,216.65,-5650.0,163.212,0.262442,9.7664
13150.0,13123.0,216.65,-5650.0,161.936,0.260389,9.7662
13200.0,13173.0,216.65,-5650.0,160.669,0.258352,9.766
13250.0,13222.0,216.65,-5650.0,159.413,0.256332,9.7659
13300.0,13272.0,216.65,-5650.0,158.166,0.254327,9.7657
13350.0,13322.0,216.65,-5650.0,156.929,0.252338,9.7656
13400.0,13372.0,216.65,-5650.0,155.702,0.250365,9.7654
13450.0,13422.0,216.65,-5650.0,154.484,0.248407,9.7653
13500.0,13471.0,216.65,-5650.0,153.276,0.246464,9.7651
13550.0,13521.0,216.65,-5650.0,152.077,0.244537,9.765
13600.0,13571.0,216.65,-5650.0,150.888,0.242624,9.7648
13650.0,13621.0,216.65,-5650.0,149.708,0.240727,9.7647
13700.0,13671.0,216.65,-5650.0,148.537,0.238845,9.7645
13750.0,13720.0,216.65,-5650.0,147.376,0.236977,9.7644
13800.0,13770.0,216.65,-5650.0,146.223,0.235124,9.7642
13850.0,13820.0,216.65,-5650.0,145.08,0.233285,9.7641
13900.0,13870.0,216.65,-5650.0,143.946,0.231461,9.7639
13950.0,13919.0,216.65,-5650.0,142.82,0.229651,9.7637
14000.0,13969.0,216.65,-5650.0,141.703,0.227855,9.7636
14050.0,14019.0,216.65,-5650.0,140.595,0.226074,9.7634
14100.0,14069.0,216.65,-5650.0,139.496,0.224306,9.7633
14150.0,14119.0,216.65,-5650.0,138.405,0.222552,9.7631
14200.0,14168.0,216.65,-5650.0,137.323,0.220812,9.763
14250.0,14218.0,216.65,-5650.0,136.25,0.219086,9.7628
14300.0,14268.0,216.65,-5650.0,135.184,0.217373,9.7627
14350.0,14318.0,216.65,-5650.0,134.127,0.215674,9.7625
14400.0,14367.0,216.65,-5650.0,133.079,0.213987,9.7624
14450.0,14417.0,216.65,-5650.0,132.038,0.212314,9.7622
14500.0,14467.0,216.65,-5650.0,131.006,0.210654,9.7621
14550.0,14517.0,216.65,-5650.0,129.982,0.209008,9.7619
14600.0,14567.0,216.65,-5650.0,128.966,0.207374,9.7618
14650.0,14616.0,216.65,-5650.0,127.958,0.205753,9.7616
14700.0,14666.0,216.65,-5650.0,126.957,0.204144,9.7615
14750.0,14716.0,216.65,-5650.0,125.965,0.202548,9.7613
14800.0,14766.0,216.65,-5650.0,124.98,0.200965,9.7611
14850.0,14815.0,216.65,-5650.0,124.003,0.199394,9.761
14900.0,14865.0,216.65,-5650.0,123.034,0.197835,9.7608
14950.0,14915.0,216.65,-5650.0,122.072,0.196289,9.7607
15000.0,14965.0,216.65,-5650.0,121.118,0.194755,9.7605
15050.0,15014.0,216.65,-5650.0,120.171,0.193232,9.7604
15100.0,15064.0,216.65,-5650.0,119.232,0.191722,9.7602
15150.0,15114.0,216.65,-5650.0,118.3,0.190223,9.7601
15200.0,15164.0,216.65,-5650.0,117.375,0.188736,9.7599
15250.0,15214.0,216.65,-5650.0,116.458,0.187261,9.7598
15300.0,15263.0,216.65,-5650.0,115.548,0.185798,9.7596
15350.0,15313.0,216.65,-5650.0,114.644,0.184345,9.7595
15400.0,15363.0,216.65,-5650.0,113.748,0.182905,9.7593
15450.0,15413.0,216.65,-5650.0,112.859,0.181475,9.7592
15500.0,15462.0,216.65,-5650.0,111.977,0.180057,9.759
15550.0,15512.0,216.65,-5650.0,111.102,0.17865,9.7588
15600.0,15562.0,216.65,-5650.0,110.234,0.177253,9.7587
15650.0,15612.0,216.65,-5650.0,109.372,0.175868,9.7585
15700.0,15661.0,216.65,-5650.0,108.518,0.174494,9.7584
15750.0,15711.0,216.65,-5650.0,107.67,0.17313,9.7582
15800.0,15761.0,216.65,-5650.0,106.828,0.171777,9.7581
15850.0,15811.0,216.65,-5650.0,105.993,0.170435,9.7579
15900.0,15860.0,216.65,-5650.0,105.165,0.169103,9.7578
15950.0,15910.0,216.65,-5650.0,104.343,0.167782,9.7576
16000.0,15960.0,216.65,-5650.0,103.528,0.16647,9.7575
16050.0,16010.0,216.65,-5650.0,102.719,0.16517,9.7573
16100.0,16059.0,216.65,-5650.0,101.916,0.163879,9.7572
16150.0,16109.0,216.65,-5650.0,101.12,0.162598,9.757
16200.0,16159.0,216.65,-5650.0,100.33,0.161328,9.7569
16250.0,16209.0,216.65,-5650.0,99.5459,0.160067,9.7567
16300.0,16258.0,216.65,-5650.0,98.7681,0.158817,9.7566
16350.0,16308.0,216.65,-5650.0,97.9964,0.157576,9.7564
16400.0,16358.0,216.65,-5650.0,97.2307,0.156345,9.7562
16450.0,16408.0,216.65,-5650.0,96.4711,0.155123,9.7561
16500.0,16457.0,216.65,-5650.0,95.7173,0.153911,9.7559
16550.0,16507.0,216.65,-5650.0,94.9695,0.152709,9.7558
16600.0,16557.0,216.65,-5650.0,94.2275,0.151515,9.7556
16650.0,16607.0,216.65,-5650.0,93.4913,0.150332,9.7555
16700.0,16656.0,216.65,-5650.0,92.7609,0.149157,9.7553
16750.0,16706.0,216.65,-5650.0,92.0362,0.147992,9.7552
16800.0,16756.0,216.65,-5650.0,91.3172,0.146836,9.755
16850.0,16805.0,216.65,-5650.0,90.6039,0.145689,9.7549
16900.0,16855.0,216.65,-5650.0,89.896,0.144551,9.7547
16950.0,16905.0,216.65,-5650.0,89.1938,0.143421,9.7546
17000.0,16955.0,216.65,-5650.0,88.497,0.142301,9.7544
17050.0,17004.0,216.65,-5650.0,87.8057,0.141189,9.7543
17100.0,17054.0,216.65,-5650.0,87.1198,0.140086,9.7541
17150.0,17104.0,216.65,-5650.0,86.4393,0.138992,9.7539
17200.0,17154.0,216.65,-5650.0,85.7641,0.137907,9.7538
17250.0,17203.0,216.65,-5650.0,85.0942,0.136829,9.7536
17300.0,17253.0,216.65,-5650.0,84.4295,0.135761,9.7535
17350.0,17303.0,216.65,-5650.0,83.77,0.1347,9.7533
17400.0,17353.0,216.65,-5650.0,83.1157,0.133648,9.7532
17450.0,17402.0,216.65,-5650.0,82.4665,0.132604,9.753
17500.0,17452.0,216.65,-5650.0,81.8224,0.131568,9.7529
17550.0,17502.0,216.65,-5650.0,81.1833,0.130541,9.7527
17600.0,17551.0,216.65,-5650.0,80.5492,0.129521,9.7526
17650.0,17601.0,216.65,-5650.0,79.9201,0.128509,9.7524
17700.0,17651.0,216.65,-5650.0,79.2959,0.127506,9.7523
17750.0,17701.0,216.65,-5650.0,78.6766,0.12651,9.7521
17800.0,17750.0,216.65,-5650.0,78.0622,0.125522,9.752
17850.0,17800.0,216.65,-5650.0,77.4525,0.124542,9.7518
17900.0,17850.0,216.65,-5650.0,76.8477,0.123569,9.7517
17950.0,17899.0,216.65,-5650.0,76.2475,0.122604,9.7515
18000.0,17949.0,216.65,-5650.0,75.6521,0.121647,9.7513
18050.0,17999.0,216.65,-5650.0,75.0613,0.120697,9.7512
18100.0,18049.0,216.65,-5650.0,74.4751,0.119754,9.751
18150.0,18098.0,216.65,-5650.0,73.8936,0.118819,9.7509
18200.0,18148.0,216.65,-5650.0,73.3165,0.117891,9.7507
18250.0,18198.0,216.65,-5650.0,72.744,0.116971,9.7506
18300.0,18247.0,216.65,-5650.0,72.176,0.116057,9.7504
18350.0,18297.0,216.65,-5650.0,71.6124,0.115151,9.7503
18400.0,18347.0,216.65,-5650.0,71.0532,0.114252,9.7501
18450.0,18397.0,216.65,-5650.0,70.4984,0.11336,9.75
18500.0,18446.0,216.65,-5650.0,69.948,0.112475,9.7498
18550.0,18496.0,216.65,-5650.0,69.4018,0.111596,9.7497
18600.0,18546.0,216.65,-5650.0,68.8599,0.110725,9.7495
18650.0,18595.0,216.65,-5650.0,68.3223,0.109861,9.7494
18700.0,18645.0,216.65,-5650.0,67.7888,0.109003,9.7492
18750.0,18695.0,216.65,-5650.0,67.2596,0.108152,9.7491
18800.0,18745.0,216.65,-5650.0,66.7345,0.107307,9.7489
18850.0,18794.0,216.65,-5650.0,66.2134,0.10647,9.7487
18900.0,18844.0,216.65,-5650.0,65.6965,0.105638,9.7486
18950.0,18894.0,216.65,-5650.0,65.1836,0.104814,9.7484
19000.0,18943.0,216.65,-5650.0,64.6747,0.103995,9.7483
19050.0,18993.0,216.65,-5650.0,64.1698,0.103183,9.7481
19100.0,19043.0,216.65,-5650.0,63.6689,0.102378,9.748
19150.0,19092.0,216.65,-5650.0,63.1718,0.101579,9.7478
19200.0,19142.0,216.65,-5650.0,62.6787,0.100786,9.7477
19250.0,19192.0,216.65,-5650.0,62.1894,0.099999,9.7475
19300.0,19242.0,216.65,-5650.0,61.7039,0.0992184,9.7474
19350.0,19291.0,216.65,-5650.0,61.2223,0.0984439,9.7472
19400.0,19341.0,216.65,-5650.0,60.7444,0.0976754,9.7471
19450.0,19391.0,216.65,-5650.0,60.2702,0.096913,9.7469
19500.0,19440.0,216.65,-5650.0,59.7997,0.0961565,9.7468
19550.0,19490.0,216.65,-5650.0,59.333,0.095406,9.7466
19600.0,19540.0,216.65,-5650.0,58.8699,0.0946613,9.7465
19650.0,19589.0,216.65,-5650.0,58.4104,0.0939224,9.7463
19700.0,19639.0,216.65,-5650.0,57.9544,0.0931893,9.7461
19750.0,19689.0,216.65,-5650.0,57.5021,0.092462,9.746
19800.0,19739.0,216.65,-5650.0,57.0533,0.0917403,9.7458
19850.0,19788.0,216.65,-5650.0,56.608,0.0910243,9.7457
19900.0,19838.0,216.65,-5650.0,56.1662,0.0903139,9.7455
19950.0,19888.0,216.65,-5650.0,55.7279,0.089609,9.7454
20000.0,19937.0,216.65,-5650.0,55.2929,0.0889097,9.7452
20050.0,19987.0,216.65,-5650.0,54.8614,0.0882158,9.7451
20100.0,20037.0,216.687,-5646.3,54.4333,0.0875125,9.7449
20150.0,20086.0,216.736,-5641.4,54.0086,0.0868098,9.7448
20200.0,20136.0,216.786,-5636.4,53.5873,0.086113,9.7446
20250.0,20186.0,216.836,-5631.4,53.1694,0.0854219,9.7445
20300.0,20235.0,216.885,-5626.5,52.7549,0.0847365,9.7443
20350.0,20285.0,216.935,-5621.5,52.3437,0.0840568,9.7442
20400.0,20335.0,216.985,-5616.5,51.9358,0.0833827,9.744
20450.0,20384.0,217.034,-5611.6,51.5312,0.0827142,9.7439
20500.0,20434.0,217.084,-5606.6,51.1298,0.0820511,9.7437
20550.0,20484.0,217.134,-5601.6,50.7317,0.0813936,9.7436
20600.0,20533.0,217.183,-5596.7,50.3368,0.0807415,9.7434
20650.0,20583.0,217.233,-5591.7,49.945,0.0800948,9.7432
20700.0,20633.0,217.283,-5586.7,49.5564,0.0794534,9.7431
20750.0,20682.0,217.332,-5581.8,49.1709,0.0788173,9.7429
20800.0,20732.0,217.382,-5576.8,48.7885,0.0781864,9.7428
20850.0,20782.0,217.432,-5571.8,48.4091,0.0775608,9.7426
20900.0,20832.0,217.482,-5566.8,48.0328,0.0769403,9.7425
20950.0,20881.0,217.531,-5561.9,47.6595,0.0763249,9.7423
21000.0,20931.0,217.581,-5556.9,47.2892,0.0757146,9.7422
21050.0,20981.0,217.631,-5551.9,46.9219,0.0751093,9.742
21100.0,21030.0,217.68,-5547.0,46.5575,0.074509,9.7419
21150.0,21080.0,217.73,-5542.0,46.196,0.0739137,9.7417
21200.0,21130.0,217.78,-5537.0,45.8375,0.0733232,9.7416
21250.0,21179.0,217.829,-5532.1,45.4817,0.0727376,9.7414
21300.0,21229.0,217.879,-5527.1,45.1289,0.0721568,9.7413
21350.0,21279.0,217.929,-5522.1,44.7788,0.0715809,9.7411
21400.0,21328.0,217.978,-5517.2,44.4316,0.0710096,9.741
21450.0,21378.0,218.028,-5512.2,44.0871,0.070443,9.7408
21500.0,21428.0,218.078,-5507.2,43.7454,0.0698811,9.7406
21550.0,21477.0,218.127,-5502.3,43.4065,0.0693238,9.7405
21600.0,21527.0,218.177,-5497.3,43.0702,0.0687711,9.7403
21650.0,21577.0,218.227,-5492.3,42.7366,0.0682229,9.7402
21700.0,21626.0,218.276,-5487.4,42.4056,0.0676792,9.74
21750.0,21676.0,218.326,-5482.4,42.0774,0.06714,9.7399
21800.0,21725.0,218.375,-5477.5,41.7517,0.0666052,9.7397
21850.0,21775.0,218.425,-5472.5,41.4286,0.0660748,9.7396
21900.0,21825.0,218.475,-5467.5,41.1082,0.0655488,9.7394
21950.0,21874.0,218.524,-5462.6,40.7902,0.0650271,9.7393
22000.0,21924.0,218.574,-5457.6,40.4748,0.0645096,9.7391
22050.0,21974.0,218.624,-5452.6,40.162,0.0639964,9.739
22100.0,22023.0,218.673,-5447.7,39.8516,0.0634874,9.7388
22150.0,22073.0,218.723,-5442.7,39.5437,0.0629825,9.7387
22200.0,22123.0,218.773,-5437.7,39.2382,0.0624819,9.7385
22250.0,22172.0,218.822,-5432.8,38.9352,0.0619853,9.7384
22300.0,22222.0,218.872,-5427.8,38.6346,0.0614927,9.7382
22350.0,22272.0,218.922,-5422.8,38.3363,0.0610042,9.7381
22400.0,22321.0,218.971,-5417.9,38.0405,0.0605197,9.7379
22450.0,22371.0,219.021,-5412.9,37.747,0.0600392,9.7377
22500.0,22421.0,219.071,-5407.9,37.4558,0.0595626,9.7376
22550.0,22470.0,219.12,-5403.0,37.167,0.0590898,9.7374
22600.0,22520.0,219.17,-5398.0,36.8804,0.058621,9.7373
22650.0,22570.0,219.22,-5393.0,36.5962,0.058156,9.7371
22700.0,22619.0,219.269,-5388.1,36.3142,0.0576948,9.737
22750.0,22669.0,219.319,-5383.1,36.0344,0.0572373,9.7368
22800.0,22719.0,219.369,-5378.1,35.7569,0.0567836,9.7367
22850.0,22768.0,219.418,-5373.2,35.4815,0.0563336,9.7365
22900.0,22818.0,219.468,-5368.2,35.2083,0.0558873,9.7364
22950.0,22867.0,219.517,-5363.3,34.9373,0.0554446,9.7362
23000.0,22917.0,219.567,-5358.3,34.6685,0.0550055,9.7361
23050.0,22967.0,219.617,-5353.3,34.4018,0.05457,9.7359
23100.0,23016.0,219.666,-5348.4,34.1372,0.0541381,9.7358
23150.0,23066.0,219.716,-5343.4,33.8747,0.0537096,9.7356
23200.0,23116.0,219.766,-5338.4,33.6143,0.0532847,9.7355
23250.0,23165.0,219.815,-5333.5,33.356,0.0528633,9.7353
23300.0,23215.0,219.865,-5328.5,33.0997,0.0524452,9.7352
23350.0,23265.0,219.915,-5323.5,32.8454,0.0520306,9.735
23400.0,23314.0,219.964,-5318.6,32.5932,0.0516194,9.7348
23450.0,23364.0,220.014,-5313.6,32.3429,0.0512114,9.7347
23500.0,23413.0,220.063,-5308.7,32.0946,0.0508069,9.7345
23550.0,23463.0,220.113,-5303.7,31.8483,0.0504056,9.7344
23600.0,23513.0,220.163,-5298.7,31.604,0.0500076,9.7342
23650.0,23562.0,220.212,-5293.8,31.3615,0.0496128,9.7341
23700.0,23612.0,220.262,-5288.8,31.121,0.0492212,9.7339
23750.0,23662.0,220.312,-5283.8,30.8824,0.0488328,9.7338
23800.0,23711.0,220.361,-5278.9,30.6457,0.0484476,9.7336
23850.0,23761.0,220.411,-5273.9,30.4108,0.0480655,9.7335
23900.0,23810.0,220.46,-5269.0,30.1778,0.0476865,9.7333
23950.0,23860.0,220.51,-5264.0,29.9467,0.0473106,9.7332
24000.0,23910.0,220.56,-5259.0,29.7174,0.0469377,9.733
24050.0,23959.0,220.609,-5254.1,29.4898,0.0465679,9.7329
24100.0,24009.0,220.659,-5249.1,29.2641,0.046201,9.7327
24150.0,24059.0,220.709,-5244.1,29.0402,0.0458372,9.7326
24200.0,24108.0,220.758,-5239.2,28.818,0.0454762,9.7324
24250.0,24158.0,220.808,-5234.2,28.5976,0.0451183,9.7323
24300.0,24207.0,220.857,-5229.3,28.3789,0.0447632,9.7321
24350.0,24257.0,220.907,-5224.3,28.1619,0.044411,9.7319
24400.0,24307.0,220.957,-5219.3,27.9467,0.0440617,9.7318
24450.0,24356.0,221.006,-5214.4,27.7331,0.0437151,9.7316
24500.0,24406.0,221.056,-5209.4,27.5212,0.0433714,9.7315
24550.0,24456.0,221.106,-5204.4,27.311,0.0430305,9.7313
24600.0,24505.0,221.155,-5199.5,27.1025,0.0426924,9.7312
24650.0,24555.0,221.205,-5194.5,26.8956,0.0423569,9.731
24700.0,24604.0,221.254,-5189.6,26.6903,0.0420242,9.7309
24750.0,24654.0,221.304,-5184.6,26.4866,0.0416942,9.7307
24800.0,24704.0,221.354,-5179.6,26.2846,0.0413669,9.7306
24850.0,24753.0,221.403,-5174.7,26.0841,0.0410422,9.7304
24900.0,24803.0,221.453,-5169.7,25.8852,0.0407201,9.7303
24950.0,24852.0,221.502,-5164.8,25.6879,0.0404006,9.7301
25000.0,24902.0,221.552,-5159.8,25.4921,0.0400837,9.73
25050.0,24952.0,221.602,-5154.8,25.2979,0.0397694,9.7298
25100.0,25001.0,221.651,-5149.9,25.1052,0.0394576,9.7297
25150.0,25051.0,221.701,-5144.9,24.914,0.0391483,9.7295
25200.0,25100.0,221.75,-5140.0,24.7243,0.0388416,9.7294
25250.0,25150.0,221.8,-5135.0,24.5361,0.0385373,9.7292
25300.0,25200.0,221.85,-5130.0,24.3493,0.0382355,9.7291
25350.0,25249.0,221.899,-5125.1,24.1641,0.037936,9.7289
25400.0,25299.0,221.949,-5120.1,23.9802,0.037639,9.7287
25450.0,25349.0,221.999,-5115.1,23.7979,0.0373445,9.7286
25500.0,25398.0,222.048,-5110.2,23.6169,0.0370522,9.7284
25550.0,25448.0,222.098,-5105.2,23.4374,0.0367624,9.7283
25600.0,25497.0,222.147,-5100.3,23.2593,0.0364748,9.7281
25650.0,25547.0,222.197,-5095.3,23.0826,0.0361896,9.728
25700.0,25597.0,222.247,-5090.3,22.9072,0.0359067,9.7278
25750.0,25646.0,222.296,-5085.4,22.7333,0.0356261,9.7277
25800.0,25696.0,222.346,-5080.4,22.5607,0.0353477,9.7275
25850.0,25745.0,222.395,-5075.5,22.3894,0.0350716,9.7274
25900.0,25795.0,222.445,-5070.5,22.2195,0.0347977,9.7272
25950.0,25844.0,222.494,-5065.6,22.0509,0.034526,9.7271
26000.0,25894.0,222.544,-5060.6,21.8837,0.0342565,9.7269
26050.0,25944.0,222.594,-5055.6,21.7177,0.0339891,9.7268
26100.0,25993.0,222.643,-5050.7,21.5531,0.0337239,9.7266
26150.0,26043.0,222.693,-5045.7,21.3897,0.0334608,9.7265
26200.0,26092.0,222.742,-5040.8,21.2276,0.0331998,9.7263
26250.0,26142.0,222.792,-5035.8,21.0668,0.032941,9.7262
26300.0,26192.0,222.842,-5030.8,20.9072,0.0326842,9.726
26350.0,26241.0,222.891,-5025.9,20.7489,0.0324295,9.7259
26400.0,26291.0,222.941,-5020.9,20.5918,0.0321768,9.7257
26450.0,26340.0,222.99,-5016.0,20.436,0.0319262,9.7255
26500.0,26390.0,223.04,-5011.0,20.2813,0.0316775,9.7254
26550.0,26440.0,223.09,-5006.0,20.1279,0.0314309,9.7252
26600.0,26489.0,223.139,-5001.1,19.9756,0.0311862,9.7251
26650.0,26539.0,223.189,-4996.1,19.8246,0.0309435,9.7249
26700.0,26588.0,223.238,-4991.2,19.6747,0.0307028,9.7248
26750.0,26638.0,223.288,-4986.2,19.526,0.0304639,9.7246
26800.0,26687.0,223.337,-4981.3,19.3785,0.030227,9.7245
26850.0,26737.0,223.387,-4976.3,19.232,0.029992,9.7243
26900.0,26787.0,223.437,-4971.3,19.0868,0.0297589,9.7242
26950.0,26836.0,223.486,-4966.4,18.9427,0.0295276,9.724
27000.0,26886.0,223.536,-4961.4,18.7997,0.0292982,9.7239
27050.0,26935.0,223.585,-4956.5,18.6578,0.0290706,9.7237
27100.0,26985.0,223.635,-4951.5,18.517,0.0288449,9.7236
27150.0,27035.0,223.685,-4946.5,18.3773,0.0286209,9.7234
27200.0,27084.0,223.734,-4941.6,18.2387,0.0283988,9.7233
27250.0,27134.0,223.784,-4936.6,18.1012,0.0281784,9.7231
27300.0,27183.0,223.833,-4931.7,17.9647,0.0279598,9.723
27350.0,27233.0,223.883,-4926.7,17.8293,0.0277429,9.7228
27400.0,27282.0,223.932,-4921.8,17.695,0.0275278,9.7227
27450.0,27332.0,223.982,-4916.8,17.5617,0.0273143,9.7225
27500.0,27382.0,224.032,-4911.8,17.4294,0.0271026,9.7223
27550.0,27431.0,224.081,-4906.9,17.2982,0.0268926,9.7222
27600.0,27481.0,224.131,-4901.9,17.1679,0.0266842,9.722
27650.0,27530.0,224.18,-4897.0,17.0387,0.0264776,9.7219
27700.0,27580.0,224.23,-4892.0,16.9105,0.0262725,9.7217
27750.0,27629.0,224.279,-4887.1,16.7833,0.0260691,9.7216
27800.0,27679.0,224.329,-4882.1,16.6571,0.0258673,9.7214
27850.0,27729.0,224.379,-4877.1,16.5318,0.0256672,9.7213
27900.0,27778.0,224.428,-4872.2,16.4076,0.0254686,9.7211
27950.0,27828.0,224.478,-4867.2,16.2843,0.0252716,9.721
28000.0,27877.0,224.527,-4862.3,16.1619,0.0250762,9.7208
28050.0,27927.0,224.577,-4857.3,16.0405,0.0248823,9.7207
28100.0,27976.0,224.626,-4852.4,15.92,0.02469,9.7205
28150.0,28026.0,224.676,-4847.4,15.8005,0.0244992,9.7204
28200.0,28075.0,224.725,-4842.5,15.6819,0.02431,9.7202
28250.0,28125.0,224.775,-4837.5,15.5642,0.0241222,9.7201
28300.0,28175.0,224.825,-4832.5,15.4474,0.0239359,9.7199
28350.0,28224.0,224.874,-4827.6,15.3315,0.0237511,9.7198
28400.0,28274.0,224.924,-4822.6,15.2166,0.0235678,9.7196
28450.0,28323.0,224.973,-4817.7,15.1025,0.0233859,9.7195
28500.0,28373.0,225.023,-4812.7,14.9893,0.0232055,9.7193
28550.0,28422.0,225.072,-4807.8,14.8769,0.0230266,9.7192
28600.0,28472.0,225.122,-4802.8,14.7655,0.022849,9.719
28650.0,28521.0,225.171,-4797.9,14.6548,0.0226728,9.7188
28700.0,28571.0,225.221,-4792.9,14.5451,0.0224981,9.7187
28750.0,28621.0,225.271,-4787.9,14.4362,0.0223247,9.7185
28800.0,28670.0,225.32,-4783.0,14.3281,0.0221528,9.7184
28850.0,28720.0,225.37,-4778.0,14.2209,0.0219821,9.7182
28900.0,28769.0,225.419,-4773.1,14.1145,0.0218129,9.7181
28950.0,28819.0,225.469,-4768.1,14.0089,0.0216449,9.7179
29000.0,28868.0,225.518,-4763.2,13.9042,0.0214783,9.7178
29050.0,28918.0,225.568,-4758.2,13.8002,0.0213131,9.7176
29100.0,28967.0,225.617,-4753.3,13.697,0.0211491,9.7175
29150.0,29017.0,225.667,-4748.3,13.5947,0.0209865,9.7173
29200.0,29066.0,225.716,-4743.4,13.4931,0.0208251,9.7172
29250.0,29116.0,225.766,-4738.4,13.3923,0.020665,9.717
29300.0,29166.0,225.816,-4733.4,13.2923,0.0205062,9.7169
29350.0,29215.0,225.865,-4728.5,13.1931,0.0203486,9.7167
29400.0,29265.0,225.915,-4723.5,13.0946,0.0201923,9.7166
29450.0,29314.0,225.964,-4718.6,12.9969,0.0200372,9.7164
29500.0,29364.0,226.014,-4713.6,12.8999,0.0198833,9.7163
29550.0,29413.0,226.063,-4708.7,12.8037,0.0197307,9.7161
29600.0,29463.0,226.113,-4703.7,12.7082,0.0195793,9.716
29650.0,29512.0,226.162,-4698.8,12.6134,0.019429,9.7158
29700.0,29562.0,226.212,-4693.8,12.5194,0.01928,9.7157
29750.0,29611.0,226.261,-4688.9,12.4261,0.0191321,9.7155
29800.0,29661.0,226.311,-4683.9,12.3335,0.0189854,9.7153
29850.0,29710.0,226.36,-4679.0,12.2417,0.0188399,9.7152
29900.0,29760.0,226.41,-4674.0,12.1505,0.0186955,9.715
29950.0,29810.0,226.46,-4669.0,12.06,0.0185522,9.7149
30000.0,29859.0,226.509,-4664.1,11.9703,0.0184101,9.7147
30050.0,29909.0,226.559,-4659.1,11.8812,0.0182691,9.7146
30100.0,29958.0,226.608,-4654.2,11.7928,0.0181292,9.7144
30150.0,30008.0,226.658,-4649.2,11.7051,0.0179904,9.7143
30200.0,30057.0,226.707,-4644.3,11.618,0.0178527,9.7141
30250.0,30107.0,226.757,-4639.3,11.5316,0.0177161,9.714
30300.0,30156.0,226.806,-4634.4,11.4459,0.0175806,9.7138
30350.0,30206.0,226.856,-4629.4,11.3609,0.0174461,9.7137
30400.0,30255.0,226.905,-4624.5,11.2764,0.0173127,9.7135
30450.0,30305.0,226.955,-4619.5,11.1927,0.0171804,9.7134
30500.0,30354.0,227.004,-4614.6,11.1096,0.0170491,9.7132
30550.0,30404.0,227.054,-4609.6,11.0271,0.0169188,9.7131
30600.0,30453.0,227.103,-4604.7,10.9452,0.0167896,9.7129
30650.0,30503.0,227.153,-4599.7,10.864,0.0166613,9.7128
30700.0,30552.0,227.202,-4594.8,10.7834,0.0165341,9.7126
30750.0,30602.0,227.252,-4589.8,10.7034,0.0164079,9.7125
30800.0,30651.0,227.301,-4584.9,10.624,0.0162827,9.7123
30850.0,30701.0,227.351,-4579.9,10.5453,0.0161584,9.7122
30900.0,30751.0,227.401,-4574.9,10.4671,0.0160352,9.712
30950.0,30800.0,227.45,-4570.0,10.3895,0.0159129,9.7118
31000.0,30850.0,227.5,-4565.0,10.3126,0.0157915,9.7117
31050.0,30899.0,227.549,-4560.1,10.2362,0.0156711,9.7115
31100.0,30949.0,227.599,-4555.1,10.1604,0.0155517,9.7114
31150.0,30998.0,227.648,-4550.2,10.0851,0.0154332,9.7112
31200.0,31048.0,227.698,-4545.2,10.0105,0.0153156,9.7111
31250.0,31097.0,227.747,-4540.3,9.93641,0.015199,9.7109
31300.0,31147.0,227.797,-4535.3,9.86289,0.0150833,9.7108
31350.0,31196.0,227.846,-4530.4,9.78994,0.0149684,9.7106
31400.0,31246.0,227.896,-4525.4,9.71754,0.0148545,9.7105
31450.0,31295.0,227.945,-4520.5,9.64569,0.0147415,9.7103
31500.0,31345.0,227.995,-4515.5,9.5744,0.0146293,9.7102
31550.0,31394.0,228.044,-4510.6,9.50364,0.0145181,9.71
31600.0,31444.0,228.094,-4505.6,9.43342,0.0144077,9.7099
31650.0,31493.0,228.143,-4500.7,9.36374,0.0142982,9.7097
31700.0,31543.0,228.193,-4495.7,9.29459,0.0141895,9.7096
31750.0,31592.0,228.242,-4490.8,9.22597,0.0140817,9.7094
31800.0,31642.0,228.292,-4485.8,9.15787,0.0139747,9.7093
31850.0,31691.0,228.341,-4480.9,9.09028,0.0138686,9.7091
31900.0,31741.0,228.391,-4475.9,9.02322,0.0137632,9.709
31950.0,31790.0,228.44,-4471.0,8.95665,0.0136588,9.7088
32000.0,31840.0,228.49,-4466.0,8.8906,0.0135551,9.7087
32100.0,31939.0,228.589,-4456.1,8.76,0.0133502,9.7084
32200.0,32038.0,228.756,-4439.4,8.63138,0.0131446,9.708
32300.0,32137.0,229.033,-4411.7,8.50479,0.0129361,9.7077
32400.0,32236.0,229.31,-4384.0,8.38021,0.0127312,9.7074
32500.0,32335.0,229.587,-4356.3,8.2576,0.0125298,9.7071
32600.0,32434.0,229.864,-4328.6,8.13694,0.0123318,9.7068
32700.0,32533.0,230.141,-4300.9,8.01819,0.0121372,9.7065
32800.0,32632.0,230.419,-4273.1,7.90131,0.0119459,9.7062
32900.0,32731.0,230.696,-4245.4,7.78628,0.0117579,9.7059
33000.0,32830.0,230.973,-4217.7,7.67306,0.011573,9.7056
33100.0,32929.0,231.25,-4190.0,7.56162,0.0113912,9.7053
33200.0,33028.0,231.527,-4162.3,7.45194,0.0112126,9.705
33300.0,33126.0,231.804,-4134.6,7.34398,0.0110369,9.7047
33400.0,33225.0,232.081,-4106.9,7.23771,0.0108642,9.7044
33500.0,33324.0,232.358,-4079.2,7.1331,0.0106945,9.7041
33600.0,33423.0,232.635,-4051.5,7.03014,0.0105275,9.7038
33700.0,33522.0,232.912,-4023.8,6.92878,0.0103634,9.7035
33800.0,33621.0,233.189,-3996.1,6.82901,0.010202,9.7032
33900.0,33720.0,233.466,-3968.4,6.73079,0.0100434,9.7029
34000.0,33819.0,233.744,-3940.6,6.6341,0.00988736,9.7026
34100.0,33918.0,234.021,-3912.9,6.53891,0.00973396,9.7023
34200.0,34017.0,234.298,-3885.2,6.44521,0.00958313,9.702
34300.0,34116.0,234.575,-3857.5,6.35296,0.00943481,9.7017
34400.0,34215.0,234.852,-3829.8,6.26213,0.00928896,9.7014
34500.0,34314.0,235.129,-3802.1,6.17272,0.00914553,9.7011
34600.0,34413.0,235.406,-3774.4,6.08468,0.00900449,9.7008
34700.0,34512.0,235.682,-3746.8,5.99801,0.0088658,9.7005
34800.0,34611.0,235.959,-3719.1,5.91267,0.0087294,9.7002
34900.0,34709.0,236.236,-3691.4,5.82865,0.00859526,9.6998
35000.0,34808.0,236.513,-3663.7,5.74592,0.00846334,9.6995
35100.0,34907.0,236.79,-3636.0,5.66446,0.0083336,9.6992
35200.0,35006.0,237.067,-3608.3,5.58425,0.008206,9.6989
35300.0,35105.0,237.344,-3580.6,5.50527,0.0080805,9.6986
35400.0,35204.0,237.621,-3552.9,5.42751,0.00795707,9.6983
35500.0,35303.0,237.898,-3525.2,5.35093,0.00783567,9.698
35600.0,35402.0,238.175,-3497.5,5.27552,0.00771627,9.6977
35700.0,35501.0,238.452,-3469.8,5.20126,0.00759882,9.6974
35800.0,35600.0,238.729,-3442.1,5.12813,0.0074833,9.6971
35900.0,35698.0,239.005,-3414.5,5.05612,0.00736966,9.6968
36000.0,35797.0,239.282,-3386.8,4.9852,0.00725789,9.6965
36100.0,35896.0,239.559,-3359.1,4.91536,0.00714794,9.6962
36200.0,35995.0,239.836,-3331.4,4.84658,0.00703978,9.6959
36300.0,36094.0,240.113,-3303.7,4.77884,0.00693339,9.6956
36400.0,36193.0,240.39,-3276.0,4.71213,0.00682872,9.6953
36500.0,36292.0,240.667,-3248.3,4.64642,0.00672576,9.695
36600.0,36390.0,240.943,-3220.7,4.58171,0.00662447,9.6947
36700.0,36489.0,241.22,-3193.0,4.51797,0.00652482,9.6944
36800.0,36588.0,241.497,-3165.3,4.4552,0.00642678,9.6941
36900.0,36687.0,241.774,-3137.6,4.39337,0.00633033,9.6938
37000.0,36786.0,242.05,-3110.0,4.33246,0.00623544,9.6935
37100.0,36885.0,242.327,-3082.3,4.27247,0.00614208,9.6932
37200.0,36984.0,242.604,-3054.6,4.21339,0.00605022,9.6929
37300.0,37082.0,242.881,-3026.9,4.15518,0.00595985,9.6926
37400.0,37181.0,243.157,-2999.3,4.09785,0.00587092,9.6923
37500.0,37280.0,243.434,-2971.6,4.04137,0.00578343,9.692
37600.0,37379.0,243.711,-2943.9,3.98574,0.00569734,9.6917
37700.0,37478.0,243.988,-2916.2,3.93093,0.00561263,9.6914
37800.0,37577.0,244.264,-2888.6,3.87695,0.00552927,9.6911
37900.0,37675.0,244.541,-2860.9,3.82376,0.00544725,9.6908
38000.0,37774.0,244.818,-2833.2,3.77137,0.00536653,9.6904
38100.0,37873.0,245.094,-2805.6,3.71975,0.00528711,9.6901
38200.0,37972.0,245.371,-2777.9,3.6689,0.00520895,9.6898
38300.0,38071.0,245.648,-2750.2,3.6188,0.00513203,9.6895
38400.0,38169.0,245.924,-2722.6,3.56944,0.00505634,9.6892
38500.0,38268.0,246.201,-2694.9,3.52081,0.00498185,9.6889
38600.0,38367.0,246.478,-2667.2,3.4729,0.00490854,9.6886
38700.0,38466.0,246.754,-2639.6,3.42569,0.00483639,9.6883
38800.0,38565.0,247.031,-2611.9,3.37918,0.00476539,9.688
38900.0,38663.0,247.308,-2584.2,3.33335,0.0046955,9.6877
39000.0,38762.0,247.584,-2556.6,3.2882,0.00462672,9.6874
39100.0,38861.0,247.861,-2528.9,3.24371,0.00455903,9.6871
39200.0,38960.0,248.137,-2501.3,3.19987,0.0044924,9.6868
39300.0,39059.0,248.414,-2473.6,3.15667,0.00442682,9.6865
39400.0,39157.0,248.69,-2446.0,3.1141,0.00436227,9.6862
39500.0,39256.0,248.967,-2418.3,3.07216,0.00429873,9.6859
39600.0,39355.0,249.244,-2390.6,3.03083,0.00423619,9.6856
39700.0,39454.0,249.52,-2363.0,2.9901,0.00417463,9.6853
39800.0,39552.0,249.797,-2335.3,2.94996,0.00411403,9.685
39900.0,39651.0,250.073,-2307.7,2.9104,0.00405438,9.6847
40000.0,39750.0,250.35,-2280.0,2.87143,0.00399566,9.6844
40100.0,39849.0,250.626,-2252.4,2.83301,0.00393786,9.6841
40200.0,39947.0,250.903,-2224.7,2.79515,0.00388095,9.6838
40300.0,40046.0,251.179,-2197.1,2.75784,0.00382494,9.6835
40400.0,40145.0,251.456,-2169.4,2.72107,0.00376979,9.6832
40500.0,40244.0,251.732,-2141.8,2.68483,0.0037155,9.6829
40600.0,40342.0,252.009,-2114.1,2.64912,0.00366205,9.6826
40700.0,40441.0,252.285,-2086.5,2.61391,0.00360943,9.6823
40800.0,40540.0,252.561,-2058.9,2.57922,0.00355762,9.682
40900.0,40639.0,252.838,-2031.2,2.54502,0.00350661,9.6817
41000.0,40737.0,253.114,-2003.6,2.51132,0.00345639,9.6814
41100.0,40836.0,253.391,-1975.9,2.4781,0.00340695,9.6811
41200.0,40935.0,253.667,-1948.3,2.44535,0.00335826,9.6808
41300.0,41033.0,253.944,-1920.6,2.41307,0.00331033,9.6805
41400.0,41132.0,254.22,-1893.0,2.38126,0.00326313,9.6802
41500.0,41231.0,254.496,-1865.4,2.34989,0.00321666,9.6798
41600.0,41330.0,254.773,-1837.7,2.31898,0.0031709,9.6795
41700.0,41428.0,255.049,-1810.1,2.28851,0.00312584,9.6792
41800.0,41527.0,255.325,-1782.5,2.25847,0.00308147,9.6789
41900.0,41626.0,255.602,-1754.8,2.22885,0.00303778,9.6786
42000.0,41724.0,255.878,-1727.2,2.19966,0.00299475,9.6783
42100.0,41823.0,256.154,-1699.6,2.17088,0.00295238,9.678
42200.0,41922.0,256.431,-1671.9,2.14251,0.00291066,9.6777
42300.0,42020.0,256.707,-1644.3,2.11454,0.00286957,9.6774
42400.0,42119.0,256.983,-1616.7,2.08697,0.00282911,9.6771
42500.0,42218.0,257.26,-1589.0,2.05979,0.00278926,9.6768
42600.0,42316.0,257.536,-1561.4,2.03299,0.00275001,9.6765
42700.0,42415.0,257.812,-1533.8,2.00656,0.00271136,9.6762
42800.0,42514.0,258.088,-1506.2,1.98051,0.0026733,9.6759
42900.0,42612.0,258.365,-1478.5,1.95483,0.00263581,9.6756
43000.0,42711.0,258.641,-1450.9,1.9295,0.00259888,9.6753
43100.0,42810.0,258.917,-1423.3,1.90454,0.00256252,9.675
43200.0,42908.0,259.193,-1395.7,1.87992,0.0025267,9.6747
43300.0,43007.0,259.47,-1368.0,1.85564,0.00249142,9.6744
43400.0,43106.0,259.746,-1340.4,1.83171,0.00245667,9.6741
43500.0,43204.0,260.022,-1312.8,1.80811,0.00242244,9.6738
43600.0,43303.0,260.298,-1285.2,1.78484,0.00238872,9.6735
43700.0,43402.0,260.575,-1257.5,1.76189,0.00235552,9.6732
43800.0,43500.0,260.851,-1229.9,1.73927,0.0023228,9.6729
43900.0,43599.0,261.127,-1202.3,1.71696,0.00229058,9.6726
44000.0,43698.0,261.403,-1174.7,1.69496,0.00225884,9.6723
44100.0,43796.0,261.679,-1147.1,1.67326,0.00222757,9.672
44200.0,43895.0,261.955,-1119.5,1.65186,0.00219677,9.6717
44300.0,43993.0,262.232,-1091.8,1.63076,0.00216643,9.6714
44400.0,44092.0,262.508,-1064.2,1.60996,0.00213654,9.6711
44500.0,44191.0,262.784,-1036.6,1.58944,0.00210709,9.6708
44600.0,44289.0,263.06,-1009.0,1.5692,0.00207808,9.6705
44700.0,44388.0,263.336,-981.4,1.54924,0.0020495,9.6702
44800.0,44486.0,263.612,-953.8,1.52956,0.00202134,9.6699
44900.0,44585.0,263.888,-926.2,1.51015,0.0019936,9.6696
45000.0,44684.0,264.164,-898.6,1.49101,0.00196627,9.6693
45100.0,44782.0,264.44,-871.0,1.47213,0.00193934,9.669
45200.0,44881.0,264.716,-843.4,1.4535,0.00191281,9.6687
45300.0,44979.0,264.992,-815.8,1.43514,0.00188668,9.6684
45400.0,45078.0,265.269,-788.1,1.41702,0.00186092,9.6681
45500.0,45177.0,265.545,-760.5,1.39915,0.00183555,9.6678
45600.0,45275.0,265.821,-732.9,1.38153,0.00181054,9.6675
45700.0,45374.0,266.097,-705.3,1.36414,0.0017859,9.6672
45800.0,45472.0,266.373,-677.7,1.347,0.00176163,9.6669
45900.0,45571.0,266.649,-650.1,1.33008,0.00173771,9.6665
46000.0,45670.0,266.925,-622.5,1.3134,0.00171414,9.6662
46100.0,45768.0,267.201,-594.9,1.29694,0.00169091,9.6659
46200.0,45867.0,267.477,-567.3,1.28071,0.00166803,9.6656
46300.0,45965.0,267.753,-539.7,1.2647,0.00164547,9.6653
46400.0,46064.0,268.029,-512.1,1.2489,0.00162325,9.665
46500.0,46162.0,268.304,-484.6,1.23332,0.00160135,9.6647
46600.0,46261.0,268.58,-457.0,1.21795,0.00157976,9.6644
46700.0,46359.0,268.856,-429.4,1.20278,0.00155849,9.6641
46800.0,46458.0,269.132,-401.8,1.18782,0.00153753,9.6638
46900.0,46556.0,269.408,-374.2,1.17306,0.00151687,9.6635
47000.0,46655.0,269.684,-346.6,1.15851,0.00149651,9.6632
47100.0,46754.0,269.96,-319.0,1.14414,0.00147645,9.6629
47200.0,46852.0,270.236,-291.4,1.12997,0.00145667,9.6626
47300.0,46951.0,270.512,-263.8,1.11599,0.00143718,9.6623
47400.0,47049.0,270.65,-250.0,1.10219,0.00141869,9.662
47500.0,47148.0,270.65,-250.0,1.08857,0.00140116,9.6617
47600.0,47246.0,270.65,-250.0,1.07512,0.00138384,9.6614
47700.0,47345.0,270.65,-250.0,1.06183,0.00136674,9.6611
47800.0,47443.0,270.65,-250.0,1.04871,0.00134985,9.6608
47900.0,47542.0,270.65,-250.0,1.03575,0.00133317,9.6605
48000.0,47640.0,270.65,-250.0,1.02295,0.00131669,9.6602
48100.0,47739.0,270.65,-250.0,1.01031,0.00130042,9.6599
48200.0,47837.0,270.65,-250.0,0.997826,0.00128435,9.6596
48300.0,47936.0,270.65,-250.0,0.985497,0.00126849,9.6593
48400.0,48034.0,270.65,-250.0,0.97332,0.00125281,9.659
48500.0,48133.0,270.65,-250.0,0.961295,0.00123733,9.6587
48600.0,48231.0,270.65,-250.0,0.949418,0.00122205,9.6584
48700.0,48330.0,270.65,-250.0,0.937688,0.00120695,9.6581
48800.0,48428.0,270.65,-250.0,0.926103,0.00119204,9.6578
48900.0,48527.0,270.65,-250.0,0.914663,0.00117731,9.6575
49000.0,48625.0,270.65,-250.0,0.903363,0.00116277,9.6572
49100.0,48724.0,270.65,-250.0,0.892204,0.0011484,9.6569
49200.0,48822.0,270.65,-250.0,0.881183,0.00113422,9.6566
49300.0,48921.0,270.65,-250.0,0.870298,0.00112021,9.6563
49400.0,49019.0,270.65,-250.0,0.859548,0.00110637,9.656
49500.0,49118.0,270.65,-250.0,0.848931,0.0010927,9.6557
49600.0,49216.0,270.65,-250.0,0.838446,0.00107921,9.6554
49700.0,49314.0,270.65,-250.0,0.82809,0.00106588,9.6551
49800.0,49413.0,270.65,-250.0,0.817863,0.00105271,9.6548
49900.0,49511.0,270.65,-250.0,0.807762,0.00103971,9.6545
50000.0,49610.0,270.65,-250.0,0.797787,0.00102687,9.6542
50100.0,49708.0,270.65,-250.0,0.787935,0.00101419,9.6539
50200.0,49807.0,270.65,-250.0,0.778205,0.00100167,9.6536
50300.0,49905.0,270.65,-250.0,0.768595,0.000989299,9.6533
50400.0,50004.0,270.65,-250.0,0.759104,0.000977083,9.653
50500.0,50102.0,270.65,-250.0,0.749731,0.000965018,9.6527
50600.0,50200.0,270.65,-250.0,0.740474,0.000953102,9.6524
50700.0,50299.0,270.65,-250.0,0.731331,0.000941335,9.6521
50800.0,50397.0,270.65,-250.0,0.722302,0.000929712,9.6518
50900.0,50496.0,270.65,-250.0,0.713384,0.000918234,9.6515
51000.0,50594.0,270.65,-250.0,0.704576,0.000906897,9.6512
51200.0,50791.0,270.65,-250.0,0.687287,0.000884644,9.6506
51400.0,50988.0,270.65,-250.0,0.670424,0.000862938,9.65
51600.0,51185.0,270.133,-301.7,0.65396,0.000843356,9.6494
51800.0,51381.0,269.582,-356.8,0.63787,0.000824287,9.6488
52000.0,51578.0,269.031,-411.9,0.622144,0.000805613,9.6482
52200.0,51775.0,268.48,-467.0,0.606777,0.000787325,9.6476
52400.0,51972.0,267.93,-522.0,0.591759,0.000769418,9.647
52600.0,52168.0,267.379,-577.1,0.577084,0.000751883,9.6463
52800.0,52365.0,266.828,-632.2,0.562745,0.000734714,9.6457
53000.0,52562.0,266.277,-687.3,0.548734,0.000717904,9.6451
53200.0,52758.0,265.726,-742.4,0.535045,0.000701446,9.6445
53400.0,52955.0,265.176,-797.4,0.521671,0.000685333,9.6439
53600.0,53152.0,264.625,-852.5,0.508606,0.000669559,9.6433
53800.0,53348.0,264.074,-907.6,0.495842,0.000654117,9.6427
54000.0,53545.0,263.524,-962.6,0.483374,0.000639001,9.6421
54200.0,53742.0,262.973,-1017.7,0.471195,0.000624205,9.6415
54400.0,53938.0,262.423,-1072.7,0.459299,0.000609723,9.6409
54600.0,54135.0,261.872,-1127.8,0.44768,0.000595547,9.6403
54800.0,54332.0,261.322,-1182.8,0.436332,0.000581674,9.6397
55000.0,54528.0,260.771,-1237.9,0.425249,0.000568096,9.6391
55200.0,54725.0,260.221,-1292.9,0.414426,0.000554809,9.6385
55400.0,54921.0,259.67,-1348.0,0.403857,0.000541806,9.6379
55600.0,55118.0,259.12,-1403.0,0.393537,0.000529081,9.6373
55800.0,55314.0,258.57,-1458.0,0.38346,0.000516631,9.6367
56000.0,55511.0,258.019,-1513.1,0.373621,0.000504448,9.6361
56200.0,55707.0,257.469,-1568.1,0.364014,0.000492528,9.6355
56400.0,55904.0,256.919,-1623.1,0.354636,0.000480867,9.6349
56600.0,56100.0,256.369,-1678.1,0.34548,0.000469457,9.6343
56800.0,56297.0,255.819,-1733.1,0.336543,0.000458296,9.6337
57000.0,56493.0,255.268,-1788.2,0.327818,0.000447377,9.6331
57200.0,56690.0,254.718,-1843.2,0.319302,0.000436697,9.6325
57400.0,56886.0,254.168,-1898.2,0.310991,0.00042625,9.6319
57600.0,57083.0,253.618,-1953.2,0.302879,0.000416031,9.6313
57800.0,57279.0,253.068,-2008.2,0.294962,0.000406037,9.6307
58000.0,57476.0,252.518,-2063.2,0.287236,0.000396263,9.6301
58200.0,57672.0,251.969,-2118.1,0.279696,0.000386703,9.6295
58400.0,57868.0,251.419,-2173.1,0.272339,0.000377355,9.6289
58600.0,58065.0,250.869,-2228.1,0.265161,0.000368214,9.6283
58800.0,58261.0,250.319,-2283.1,0.258157,0.000359275,9.6277
59000.0,58457.0,249.769,-2338.1,0.251323,0.000350535,9.6271
59200.0,58654.0,249.22,-2393.0,0.244657,0.00034199,9.6265
59400.0,58850.0,248.67,-2448.0,0.238153,0.000333635,9.6259
59600.0,59046.0,248.12,-2503.0,0.231809,0.000325467,9.6253
59800.0,59243.0,247.571,-2557.9,0.225621,0.000317482,9.6247
60000.0,59439.0,247.021,-2612.9,0.219586,0.000309676,9.6241
60200.0,59635.0,246.471,-2667.9,0.213699,0.000302046,9.6235
60400.0,59831.0,245.922,-2722.8,0.207958,0.000294588,9.6229
60600.0,60028.0,245.372,-2777.8,0.202359,0.000287299,9.6223
60800.0,60224.0,244.823,-2832.7,0.196899,0.000280174,9.6217
61000.0,60420.0,244.273,-2887.7,0.191574,0.000273212,9.6211
61200.0,60616.0,243.724,-2942.6,0.186383,0.000266407,9.6205
61400.0,60813.0,243.175,-2997.5,0.181322,0.000259758,9.6199
61600.0,61009.0,242.625,-3052.5,0.176387,0.000253261,9.6193
61800.0,61205.0,242.076,-3107.4,0.171576,0.000246912,9.6187
62000.0,61401.0,241.527,-3162.3,0.166886,0.000240709,9.6181
62200.0,61597.0,240.978,-3217.2,0.162314,0.000234649,9.6175
62400.0,61793.0,240.428,-3272.2,0.157858,0.000228728,9.6169
62600.0,61990.0,239.879,-3327.1,0.153515,0.000222944,9.6163
62800.0,62186.0,239.33,-3382.0,0.149282,0.000217294,9.6157
63000.0,62382.0,238.781,-3436.9,0.145156,0.000211774,9.6151
63200.0,62578.0,238.232,-3491.8,0.141136,0.000206384,9.6145
63400.0,62774.0,237.683,-3546.7,0.137218,0.000201118,9.6139
63600.0,62970.0,237.134,-3601.6,0.133401,0.000195976,9.6133
63800.0,63166.0,236.585,-3656.5,0.129682,0.000190954,9.6127
64000.0,63362.0,236.036,-3711.4,0.126058,0.00018605,9.6121
64200.0,63558.0,235.487,-3766.3,0.122527,0.000181261,9.6115
64400.0,63754.0,234.939,-3821.1,0.119088,0.000176585,9.6109
64600.0,63950.0,234.39,-3876.0,0.115738,0.000172019,9.6103
64800.0,64146.0,233.841,-3930.9,0.112475,0.000167561,9.6097
65000.0,64342.0,233.292,-3985.8,0.109297,0.000163209,9.6091
65200.0,64538.0,232.744,-4040.6,0.106201,0.000158961,9.6085
65400.0,64734.0,232.195,-4095.5,0.103186,0.000154813,9.6079
65600.0,64930.0,231.646,-4150.4,0.100251,0.000150765,9.6073
65800.0,65126.0,231.098,-4205.2,0.0973921,0.000146814,9.6067
66000.0,65322.0,230.549,-4260.1,0.0946086,0.000142957,9.6061
66200.0,65518.0,230.001,-4314.9,0.0918985,0.000139193,9.6055
66400.0,65714.0,229.452,-4369.8,0.0892599,0.00013552,9.6049
66600.0,65909.0,228.904,-4424.6,0.0866913,0.000131935,9.6043
66800.0,66105.0,228.355,-4479.5,0.0841908,0.000128437,9.6037
67000.0,66301.0,227.807,-4534.3,0.0817568,0.000125025,9.6031
67200.0,66497.0,227.258,-4589.2,0.0793877,0.000121695,9.6026
67400.0,66693.0,226.71,-4644.0,0.077082,0.000118446,9.602
67600.0,66889.0,226.162,-4698.8,0.074838,0.000115277,9.6014
67800.0,67084.0,225.614,-4753.6,0.0726542,0.000112185,9.6008
68000.0,67280.0,225.065,-4808.5,0.0705293,0.000109169,9.6002
68200.0,67476.0,224.517,-4863.3,0.0684616,0.000106227,9.5996
68400.0,67672.0,223.969,-4918.1,0.0664499,0.000103358,9.599
68600.0,67868.0,223.421,-4972.9,0.0644926,0.00010056,9.5984
68800.0,68063.0,222.873,-5027.7,0.0625886,9.78309e-05,9.5978
69000.0,68259.0,222.325,-5082.5,0.0607364,9.51698e-05,9.5972
69200.0,68455.0,221.777,-5137.3,0.0589347,9.25749e-05,9.5966
69400.0,68650.0,221.229,-5192.1,0.0571824,9.00448e-05,9.596
69600.0,68846.0,220.681,-5246.9,0.055478,8.7578e-05,9.5954
69800.0,69042.0,220.133,-5301.7,0.0538206,8.5173e-05,9.5948
70000.0,69238.0,219.585,-5356.5,0.0522088,8.28284e-05,9.5942
70200.0,69433.0,219.037,-5411.3,0.0506415,8.05429e-05,9.5936
70400.0,69629.0,218.489,-5466.1,0.0491176,7.83151e-05,9.593
70600.0,69824.0,217.941,-5520.9,0.047636,7.61437e-05,9.5924
70800.0,70020.0,217.394,-5575.6,0.0461957,7.40274e-05,9.5918
71000.0,70216.0,216.846,-5630.4,0.0447955,7.19649e-05,9.5912
71200.0,70411.0,216.298,-5685.2,0.0434344,6.99551e-05,9.5906
71400.0,70607.0,215.751,-5739.9,0.0421115,6.79965e-05,9.59
71600.0,70802.0,215.203,-5794.7,0.0408258,6.60882e-05,9.5894
71800.0,70998.0,214.655,-5849.5,0.0395762,6.42289e-05,9.5888
72000.0,71194.0,214.263,-5888.7,0.0383624,6.2373e-05,9.5882
72200.0,71389.0,213.872,-5927.8,0.0371837,6.05672e-05,9.5876
72400.0,71585.0,213.481,-5966.9,0.0360393,5.88106e-05,9.587
72600.0,71780.0,213.09,-6006.0,0.0349281,5.7102e-05,9.5864
72800.0,71976.0,212.699,-6045.1,0.0338494,5.54401e-05,9.5858
73000.0,72171.0,212.308,-6084.2,0.0328021,5.38238e-05,9.5852
73200.0,72367.0,211.917,-6123.3,0.0317854,5.22518e-05,9.5846
73400.0,72562.0,211.526,-6162.4,0.0307986,5.0723e-05,9.584
73600.0,72758.0,211.135,-6201.5,0.0298406,4.92364e-05,9.5834
73800.0,72953.0,210.744,-6240.6,0.0289109,4.77908e-05,9.5829
74000.0,73148.0,210.353,-6279.7,0.0280085,4.63852e-05,9.5823
74200.0,73344.0,209.962,-6318.8,0.0271327,4.50184e-05,9.5817
74400.0,73539.0,209.571,-6357.9,0.0262828,4.36896e-05,9.5811
74600.0,73735.0,209.181,-6396.9,0.0254581,4.23978e-05,9.5805
74800.0,73930.0,208.79,-6436.0,0.0246579,4.11419e-05,9.5799
75000.0,74125.0,208.399,-6475.1,0.0238814,3.9921e-05,9.5793
75200.0,74321.0,208.008,-6514.2,0.023128,3.87342e-05,9.5787
75400.0,74516.0,207.618,-6553.2,0.0223971,3.75807e-05,9.5781
75600.0,74711.0,207.227,-6592.3,0.021688,3.64595e-05,9.5775
75800.0,74907.0,206.837,-6631.3,0.0210001,3.53698e-05,9.5769
76000.0,75102.0,206.445,-6670.4,0.0203329,3.43108e-05,9.5763
76200.0,75297.0,206.055,-6709.5,0.0196856,3.32816e-05,9.5757
76400.0,75493.0,205.665,-6748.5,0.0190579,3.22815e-05,9.5751
76600.0,75688.0,205.274,-6787.6,0.0184481,3.13097e-05,9.5745
76800.0,75883.0,204.884,-6826.6,0.0178586,3.03654e-05,9.5739
77000.0,76078.0,204.493,-6865.7,0.017286,2.94479e-05,9.5733
77200.0,76274.0,204.103,-6904.7,0.0167308,2.85566e-05,9.5727
77400.0,76469.0,203.712,-6943.8,0.0161924,2.76906e-05,9.5721
77600.0,76664.0,203.322,-6982.8,0.0156704,2.68494e-05,9.5715
77800.0,76859.0,202.931,-7021.9,0.0151643,2.60322e-05,9.5709
78000.0,77054.0,202.541,-7060.9,0.0146737,2.52385e-05,9.5703
78200.0,77250.0,202.151,-7099.9,0.014198,2.44675e-05,9.5698
78400.0,77445.0,201.76,-7139.0,0.0137369,2.37187e-05,9.5692
78600.0,77640.0,201.37,-7178.0,0.01329,2.29915e-05,9.5686
78800.0,77835.0,200.98,-7217.0,0.0128568,2.22853e-05,9.568
79000.0,78030.0,200.59,-7256.0,0.012437,2.15995e-05,9.5674
79200.0,78225.0,200.199,-7295.1,0.0120301,2.09336e-05,9.5668
79400.0,78420.0,199.809,-7334.1,0.0116358,2.0287e-05,9.5662
79600.0,78616.0,199.419,-7373.1,0.0112537,1.96592e-05,9.5656
79800.0,78811.0,199.029,-7412.1,0.0108834,1.90497e-05,9.565
80000.0,79006.0,198.639,-7451.1,0.0105247,1.8458e-05,9.5644
