-5000,-5004,320.676,47.526,1.77762E+3,1.93113E+0,9.8221
-4950,-4954,320.350,47.200,1.76815,1.92280,9.8219
-4900,-4904,320.025,46.875,1.75873,1.91450,9.8218
-4850,-4854,319.699,46.549,1.74935,1.90622,9.8216
-4800,-4804,319.374,46.224,1.74001,1.89798,9.8215
-4750,-4754,319.048,45.898,1.73071,1.88976,9.8213
-4700,-4703,318.723,45.573,1.72145,1.88157,9.8212
-4650,-4653,318.397,45.247,1.71223,1.87340,9.8210
-4600,-4603,318.072,44.922,1.70305,1.86527,9.8209
-4550,-4553,317.746,44.596,1.69391,1.85716,9.8207
-4500,-4503,317.421,44.271,1.68481E+3,1.84907E+0,9.8205
-4450,-4453,317.095,43.945,1.67575,1.84102,9.8204
-4400,-4403,316.770,43.620,1.66673,1.83299,9.8202
-4350,-4353,316.444,43.294,1.65775,1.82499,9.8201
-4300,-4303,316.119,42.969,1.64881,1.81701,9.8199
-4250,-4253,315.793,42.643,1.63991,1.80907,9.8198
-4200,-4203,315.468,42.318,1.63105,1.80115,9.8196
-4150,-4153,315.143,41.993,1.62222,1.79325,9.8195
-4100,-4103,314.817,41.667,1.61344,1.78538,9.8193
-4050,-4053,314.492,41.342,1.60469,1.77754,9.8192
-4000,-4003,314.166,41.016,1.59598E+3,1.76973E+0,9.8190
-3950,-3952,313.841,40.691,1.58731,1.76194,9.8188
-3900,-3902,313.516,40.366,1.57868,1.75418,9.8187
-3850,-3852,313.190,40.040,1.57009,1.74644,9.8185
-3800,-3802,312.865,39.715,1.56154,1.73873,9.8184
-3750,-3752,312.539,39.389,1.55302,1.73105,9.8182
-3700,-3702,312.214,39.064,1.54454,1.72339,9.8181
-3650,-3652,311.889,38.739,1.53610,1.71576,9.8179
-3600,-3602,311.563,38.413,1.52769,1.70816,9.8178
-3550,-3552,311.238,38.088,1.51933,1.70058,9.8176
-3500,-3502,310.913,37.763,1.51100E+3,1.69303E+0,9.8175
-3450,-3452,310.587,37.437,1.50271,1.68550,9.8173
-3400,-3402,310.262,37.112,1.49445,1.67800,9.8171
-3350,-3352,309.936,36.786,1.48623,1.67052,9.8170
-3300,-3302,309.611,36.461,1.47805,1.66307,9.8168
-3250,-3252,309.286,36.136,1.46991,1.65565,9.8167
-3200,-3202,308.960,35.810,1.46180,1.64825,9.8165
-3150,-3152,308.635,35.485,1.45373,1.64088,9.8164
-3100,-3102,308.310,35.160,1.44569,1.63353,9.8162
-3050,-3051,307.985,34.835,1.43769,1.62620,9.8161
-3000,-3001,307.659,34.509,1.42973E+3,1.61891E+0,9.8159
-2950,-2951,307.334,34.184,1.42180,1.61163,9.8158
-2900,-2901,307.009,33.859,1.41391,1.60439,9.8156
-2850,-2851,306.683,33.533,1.40605,1.59716,9.8154
-2800,-2801,306.358,33.208,1.39823,1.58997,9.8153
-2750,-2751,306.033,32.883,1.39045,1.58279,9.8151
-2700,-2701,305.707,32.557,1.38270,1.57565,9.8150
-2650,-2651,305.382,32.232,1.37498,1.56852,9.8148
-2600,-2601,305.057,31.907,1.36730,1.56143,9.8147
-2550,-2551,304.732,31.582,1.35966,1.55435,9.8145
-2500,-2501,304.406,31.256,1.35205E+3,1.54731E+0,9.8144
-2450,-2451,304.081,30.931,1.34447,1.54028,9.8142
-2400,-2401,303.756,30.606,1.33693,1.53328,9.8141
-2350,-2351,303.431,30.281,1.32942,1.52631,9.8139
-2300,-2301,303.105,29.955,1.32195,1.51936,9.8138
-2250,-2251,302.780,29.630,1.31451,1.51243,9.8136
-2200,-2201,302.455,29.305,1.30711,1.50553,9.8134
-2150,-2151,302.130,28.980,1.29974,1.49865,9.8133
-2100,-2101,301.805,28.655,1.29240,1.49180,9.8131
-2050,-2051,301.479,28.329,1.28510,1.48497,9.8130
-2000,-2001,301.154,28.004,1.27783E+3,1.47816E+0,9.8128
-1950,-1951,300.829,27.679,1.27059,1.47138,9.8127
-1900,-1901,300.504,27.354,1.26339,1.46462,9.8125
-1850,-1851,300.179,27.029,1.25622,1.45789,9.8124
-1800,-1801,299.853,26.703,1.24909,1.45118,9.8122
-1750,-1750,299.528,26.378,1.24198,1.44449,9.8121
-1700,-1700,299.203,26.053,1.23491,1.43783,9.8119
-1650,-1650,298.878,25.728,1.22787,1.43119,9.8117
-1600,-1600,298.553,25.403,1.22087,1.42458,9.8116
-1550,-1550,298.227,25.077,1.21390,1.41799,9.8114
-1500,-1500,297.902,24.752,1.20696E+3,1.41142E+0,9.8113
-1450,-1450,297.577,24.427,1.20005,1.40487,9.8111
-1400,-1400,297.252,24.102,1.19317,1.39835,9.8110
-1350,-1350,296.927,23.777,1.18633,1.39186,9.8108
-1300,-1300,296.602,23.452,1.17952,1.38538,9.8107
-1250,-1250,296.277,23.127,1.17274,1.37893,9.8105
-1200,-1200,295.951,22.801,1.16599,1.37250,9.8104
-1150,-1150,295.626,22.476,1.15927,1.36610,9.8102
-1100,-1100,295.301,22.151,1.15259,1.35971,9.8100
-1050,-1050,294.976,21.826,1.14593,1.35335,9.8099
-1000,-1000,294.651,21.501,1.13931E+3,1.34702E+0,9.8097
-950,-950,294.326,21.176,1.13272,1.34070,9.8096
-900,-900,294.001,20.851,1.12616,1.33441,9.8094
-850,-850,293.676,20.526,1.11963,1.32814,9.8093
-800,-800,293.351,20.201,1.11313,1.32190,9.8091
-750,-750,293.026,19.876,1.10666,1.31567,9.8090
-700,-700,292.701,19.551,1.10023,1.30947,9.8088
-650,-650,292.375,19.225,1.09382,1.30330,9.8087
-600,-600,292.050,18.900,1.08744,1.29714,9.8085
-550,-550,291.725,18.575,1.08110,1.29101,9.8083
-500,-500,291.400,18.250,1.07478E+3,1.28490E+0,9.8082
-450,-450,291.075,17.925,1.06849,1.27881,9.8080
-400,-400,290.750,17.600,1.06224,1.27274,9.8079
-350,-350,290.425,17.275,1.05601,1.26670,9.8077
-300,-300,290.100,16.950,1.04981,1.26067,9.8076
-250,-250,289.775,16.625,1.04365,1.25467,9.8074
-200,-200,289.450,16.300,1.03751,1.24870,9.8073
-150,-150,289.125,15.975,1.03140,1.24274,9.8071
-100,-100,288.800,15.650,1.02532,1.23680,9.8070
-50,-50,288.475,15.325,1.01927,1.23089,9.8068
0,0,288.150,15.000,1.01325E+3,1.22500E+0,9.8067
50,50,287.825,14.675,1.00726,1.21913,9.8065
100,100,287.500,14.350,1.00129,1.21328,9.8063
150,150,287.175,14.025,9.95359E+2,1.20746,9.8062
200,200,286.850,13.700,9.89453,1.20165,9.8060
250,250,286.525,13.375,9.83576,1.19587,9.8059
300,300,286.200,13.050,9.77727,1.19011,9.8057
350,350,285.875,12.725,9.71906,1.18437,9.8056
400,400,285.550,12.400,9.66113,1.17865,9.8054
450,450,285.225,12.075,9.60349,1.17295,9.8053
500,500,284.900,11.750,9.54612E+2,1.16727E+0,9.8051
550,550,284.575,11.425,9.48904,1.16162,9.8050
600,600,284.250,11.100,9.43223,1.15598,9.8048
650,650,283.925,10.775,9.37569,1.15037,9.8046
700,700,283.601,10.451,9.31944,1.14478,9.8045
750,750,283.276,10.126,9.26345,1.13921,9.8043
800,800,282.951,9.801,9.20775,1.13365,9.8042
850,850,282.626,9.476,9.15231,1.12812,9.8040
900,900,282.301,9.151,9.09714,1.12262,9.8039
950,950,281.976,8.826,9.04225,1.11713,9.80371000
1000,1000,281.651,8.501,8.98763E+2,1.11166E+0,9.8036
1050,1050,281.326,8.176,8.93327,1.10621,9.8034
1100,1100,281.001,7.851,8.87918,1.10079,9.8033
1150,1150,280.676,7.526,8.82536,1.09538,9.8031
1200,1200,280.351,7.201,8.77180,1.08999,9.8029
1250,1250,280.027,6.877,8.71851,1.08463,9.8028
1300,1300,279.702,6.552,8.66548,1.07928,9.8026
1350,1350,279.377,6.227,8.61271,1.07396,9.8025
1400,1400,279.052,5.902,8.56020,1.06865,9.8023
1450,1450,278.727,5.577,8.50795,1.06337,9.8022
1500,1500,278.402,5.252,8.45597E+2,1.05810E+0,9.8020
1550,1550,278.077,4.927,8.40424,1.05286,9.8019
1600,1600,277.753,4.603,8.35277,1.04764,9.8017
1650,1650,277.428,4.278,8.30155,1.04243,9.8016
1700,1700,277.103,3.953,8.25059,1.03725,9.8014
1750,1750,276.778,3.628,8.19989,1.03208,9.8013
1800,1799,276.453,3.303,8.14943,1.02694,9.8011
1850,1849,276.128,2.979,8.09923,1.02181,9.8009
1900,1899,275.804,2.654,8.04929,1.01671,9.8008
1950,1949,275.479,2.329,7.99959,1.01162,9.8006
2000,1999,275.154,2.004,7.95014E+2,1.00655E+0,9.8005
2050,2049,274.829,1.679,7.90094,1.00151,9.8003
2100,2099,274.505,1.355,7.85199,9.96479E-1,9.8002
2150,2149,274.180,1.030,7.80329,9.91471,9.8000
2200,2199,273.855,0.705,7.75483,9.86483,9.7999
2250,2249,273.530,0.380,7.70661,9.81513,9.7997
2300,2299,273.205,0.055,7.65864,9.76563,9.7996
2350,2349,272.881,-0.269,7.61091,9.71632,9.7994
2400,2399,272.556,-0.594,7.56342,9.66721,9.7992
2450,2449,272.231,-0.919,7.51618,9.61828,9.7991
2500,2499,271.906,-1.244,7.46917E+2,9.56954E-1,9.7989
2550,2549,271.582,-1.568,7.42241,9.52100,9.7988
2600,2599,271.257,-1.893,7.37588,9.47264,9.7986
2650,2649,270.932,-2.218,7.32959,9.42447,9.7985
2700,2699,270.607,-2.543,7.28353,9.37649,9.7983
2750,2749,270.283,-2.867,7.23771,9.32870,9.7982
2800,2799,269.958,-3.192,7.19213,9.28110,9.7980
2850,2849,269.633,-3.517,7.14678,9.23368,9.7979
2900,2899,269.309,-3.841,7.10166,9.18645,9.7977
2950,2949,268.984,-4.166,7.05677,9.13940,9.7976
3000,2999,268.659,-4.491,7.01212E+2,9.09254E-1,9.7974
3050,3049,268.335,-4.815,6.96769,9.04587,9.7972
3100,3098,268.010,-5.140,6.92349,8.99938,9.7971
3150,3148,267.685,-5.465,6.87952,8.95307,9.7969
3200,3198,267.360,-5.790,6.83578,8.90694,9.7968
3250,3248,267.036,-6.114,6.79226,8.86100,9.7966
3300,3298,266.711,-6.439,6.74897,8.81524,9.7965
3350,3348,266.386,-6.764,6.70590,8.76967,9.7963
3400,3398,266.062,-7.088,6.66306,8.72427,9.7962
3450,3448,265.737,-7.413,6.62044,8.67905,9.7960
3500,3498,265.413,-7.737,6.57804E+2,8.63402E-1,9.7959
3550,3548,265.088,-8.062,6.53586,8.58916,9.7957
3600,3598,264.763,-8.387,6.49390,8.54449,9.7956
3650,3648,264.439,-8.711,6.45216,8.49999,9.7954
3700,3698,264.114,-9.036,6.41064,8.45567,9.7952
3750,3748,263.789,-9.361,6.36933,8.41153,9.7951
3800,3798,263.465,-9.685,6.32825,8.36756,9.7949
3850,3848,263.140,-10.010,6.28737,8.32377,9.7948
3900,3898,262.816,-10.334,6.24672,8.28016,9.7946
3950,3948,262.491,-10.659,6.20627,8.23673,9.7945
4000,3997,262.166,-10.984,6.16604E+2,8.19347E-1,9.7943
4050,4047,261.842,-11.308,6.12602,8.15038,9.7942
4100,4097,261.517,-11.633,6.08622,8.10747,9.7940
4150,4147,261.193,-11.957,6.04662,8.06473,9.7939
4200,4197,260.868,-12.282,6.00723,8.02216,9.7937
4250,4247,260.543,-12.607,5.96805,7.97977,9.7936
4300,4297,260.219,-12.931,5.92908,7.93755,9.7934
4350,4347,259.894,-13.256,5.89032,7.89550,9.7932
4400,4397,259.570,-13.580,5.85176,7.85363,9.7931
4450,4447,259.245,-13.905,5.81340,7.81192,9.7929
4500,4497,258.921,-14.229,5.77526E+2,7.77038E-1,9.7928
4550,4547,258.596,-14.554,5.73731,7.72902,9.7926
4600,4597,258.272,-14.878,5.69957,7.68782,9.7925
4650,4647,257.947,-15.203,5.66203,7.64679,9.7923
4700,4697,257.623,-15.527,5.62469,7.60593,9.7922
4750,4746,257.298,-15.852,5.58755,7.56524,9.7920
4800,4796,256.974,-16.176,5.55061,7.52472,9.7919
4850,4846,256.649,-16.501,5.51387,7.48436,9.7917
4900,4896,256.325,-16.825,5.47732,7.44417,9.7915
4950,4946,256.000,-17.150,5.44098,7.40415,9.7914
5000,4996,255.676,-17.474,5.40483E+2,7.36429E-1,9.7912
5050,5046,255.351,-17.799,5.36887,7.32459,9.7911
5100,5096,255.027,-18.123,5.33311,7.28506,9.7909
5150,5146,254.702,-18.448,5.29754,7.24570,9.7908
5200,5196,254.378,-18.772,5.26217,7.20649,9.7906
5250,5246,254.053,-19.097,5.22699,7.16745,9.7905
5300,5296,253.729,-19.421,5.19200,7.12858,9.7903
5350,5346,253.404,-19.746,5.15720,7.08986,9.7902
5400,5395,253.080,-20.070,5.12259,7.05131,9.7900
5450,5445,252.755,-20.395,5.08816,7.01292,9.7899
5500,5495,252.431,-20.719,5.05393E+2,6.97469E-1,9.7897
5550,5545,252.106,-21.044,5.01988,6.93662,9.7895
5600,5595,251.782,-21.368,4.98602,6.89871,9.7894
5650,5645,251.458,-21.692,4.95235,6.86095,9.7892
5700,5695,251.133,-22.017,4.91886,6.82336,9.7891
5750,5745,250.809,-22.341,4.88555,6.78593,9.7889
5800,5795,250.484,-22.666,4.85243,6.74865,9.7888
5850,5845,250.160,-22.990,4.81949,6.71153,9.7886
5900,5895,249.836,-23.314,4.78673,6.67457,9.7885
5950,5944,249.511,-23.639,4.75416,6.63776,9.7883
6000,5994,249.187,-23.963,4.72176E+2,6.60111E-1,9.7882
6050,6044,248.862,-24.288,4.68955,6.56462,9.7880
6100,6094,248.538,-24.612,4.65751,6.52828,9.7879
6150,6144,248.214,-24.936,4.62565,6.49210,9.7877
6200,6194,247.889,-25.261,4.59396,6.45607,9.7875
6250,6244,247.565,-25.585,4.56246,6.42019,9.7874
6300,6294,247.241,-25.909,4.53113,6.38447,9.7872
6350,6344,246.916,-26.234,4.49997,6.34890,9.7871
6400,6394,246.592,-26.558,4.46899,6.31348,9.7869
6450,6443,246.267,-26.883,4.43818,6.27821,9.7868
6500,6493,245.943,-27.207,4.40755E+2,6.24310E-1,9.7866
6550,6543,245.619,-27.531,4.37708,6.20813,9.7865
6600,6593,245.294,-27.856,4.34679,6.17332,9.7863
6650,6643,244.970,-28.180,4.31667,6.13866,9.7862
6700,6693,244.646,-28.504,4.28672,6.10415,9.7860
6750,6743,244.322,-28.828,4.25693,6.06978,9.7859
6800,6793,243.997,-29.153,4.22732,6.03557,9.7857
6850,6843,243.673,-29.477,4.19787,6.00150,9.7855
6900,6893,243.349,-29.801,4.16859,5.96758,9.7854
6950,6942,243.024,-30.126,4.13947,5.93381,9.7852
7000,6992,242.700,-30.450,4.11053E+2,5.90018E-1,9.7851
7050,7042,242.376,-30.774,4.08174,5.86671,9.7849
7100,7092,242.051,-31.099,4.05312,5.83337,9.7848
7150,7142,241.727,-31.423,4.02466,5.80019,9.7846
7200,7192,241.403,-31.747,3.99637,5.76715,9.7845
7250,7242,241.079,-32.071,3.96823,5.73425,9.7843
7300,7292,240.754,-32.396,3.94026,5.70150,9.7842
7350,7342,240.430,-32.720,3.91245,5.66889,9.7840
7400,7391,240.106,-33.044,3.88480,5.63642,9.7839
7450,7441,239.782,-33.368,3.85730,5.60410,9.7837
7500,7491,239.457,-33.693,3.82997E+2,5.57192E-1,9.7836
7550,7541,239.133,-34.017,3.80279,5.53988,9.7834
7600,7591,238.809,-34.341,3.77577,5.50798,9.7832
7650,7641,238.485,-34.665,3.74890,5.47623,9.7831
7700,7691,238.161,-34.989,3.72219,5.44462,9.7829
7750,7741,237.836,-35.314,3.69564,5.41314,9.7828
7800,7790,237.512,-35.638,3.66924,5.38181,9.7826
7850,7840,237.188,-35.962,3.64299,5.35061,9.7825
7950,7940,236.540,-36.610,3.59095,5.28864,9.7822
8000,7990,236.215,-36.935,3.56516E+2,5.25786E-1,9.7820
8050,8040,235.891,-37.259,3.53952,5.22722,9.7819
8100,8090,235.567,-37.583,3.51403,5.19671,9.7817
8150,8140,235.243,-37.907,3.48869,5.16635,9.7816
8200,8189,234.919,-38.231,3.46349,5.13612,9.7814
8250,8239,234.595,-38.555,3.43845,5.10602,9.7812
8300,8289,234.270,-38.880,3.41355,5.07606,9.7811
8350,8339,233.946,-39.204,3.38880,5.04624,9.7809
8400,8389,233.622,-39.528,3.36419,5.01655,9.7808
8450,8439,233.298,-39.852,3.33973,4.98699,9.7806
8500,8489,232.974,-40.176,3.31542E+2,4.95757E-1,9.7805
8550,8539,232.650,-40.500,3.29124,4.92829,9.7803
8600,8588,232.326,-40.824,3.26722,4.89913,9.7802
8650,8638,232.001,-41.149,3.24333,4.87011,9.7800
8700,8688,231.677,-41.473,3.21959,4.84122,9.7799
8750,8738,231.353,-41.797,3.19598,4.81246,9.7797
8800,8788,231.029,-42.121,3.17252,4.78383,9.7796
8850,8838,230.705,-42.445,3.14920,4.75534,9.7794
8900,8888,230.381,-42.769,3.12602,4.72697,9.7792
8950,8937,230.057,-43.093,3.10297,4.69874,9.7791
9000,8987,229.733,-43.417,3.08007E+2,4.67063E-1,9.7789
9050,9037,229.409,-43.741,3.05730,4.64265,9.7788
9100,9087,229.085,-44.065,3.03467,4.61481,9.7786
9150,9137,228.760,-44.390,3.01217,4.58709,9.7785
9200,9187,228.436,-44.714,2.98981,4.55949,9.7783
9250,9237,228.112,-45.038,2.96759,4.53203,9.7782
9300,9286,227.788,-45.362,2.94550,4.50469,9.7780
9350,9336,227.464,-45.686,2.92354,4.47748,9.7779
9400,9386,227.140,-46.010,2.90172,4.45040,9.7777
9450,9436,226.816,-46.334,2.88003,4.42344,9.7776
9500,9486,226.492,-46.658,2.85847E+2,4.39661E-1,9.7774
9550,9536,226.168,-46.982,2.83704,4.36990,9.7773
9600,9586,225.844,-47.306,2.81574,4.34332,9.7771
9650,9635,225.520,-47.630,2.79457,4.31686,9.7769
9700,9685,225.196,-47.954,2.77353,4.29053,9.7768
9750,9735,224.872,-48.278,2.75262,4.26432,9.7766
9800,9785,224.548,-48.602,2.73184,4.23823,9.7765
9850,9835,224.224,-48.926,2.71119,4.21227,9.7763
9900,9885,223.900,-49.250,2.69066,4.18642,9.7762
9950,9934,223.576,-49.574,2.67026,4.16070,9.7760
10000,9984,223.252,-49.898,2.64999E+2,4.13510E-1,9.7759
10050,10034,222.928,-50.222,2.62984,4.10962,9.7757
10100,10084,222.604,-50.546,2.60981,4.08427,9.7756
10150,10134,222.280,-50.870,2.58991,4.05903,9.7754
10200,10184,221.956,-51.194,2.57013,4.03391,9.7753
10250,10233,221.632,-51.518,2.55048,4.00891,9.7751
10300,10283,221.308,-51.842,2.53095,3.98404,9.7749
10350,10333,220.984,-52.166,2.51153,3.95928,9.7748
10400,10383,220.660,-52.490,2.49225,3.93463,9.7746
10450,10433,220.336,-52.814,2.47308,3.91011,9.7745
10500,10483,220.013,-53.137,2.45402E+2,3.88570E-1,9.7743
10550,10533,219.689,-53.461,2.43510,3.86141,9.7742
10600,10582,219.365,-53.785,2.41628,3.83724,9.7740
10650,10632,219.041,-54.109,2.39759,3.81319,9.7739
10700,10682,218.717,-54.433,2.37901,3.78924,9.7737
10750,10732,218.393,-54.757,2.36055,3.76542,9.7736
10800,10782,218.069,-55.081,2.34221,3.74171,9.7734
10850,10832,217.745,-55.405,2.32398,3.71812,9.7733
10900,10881,217.421,-55.729,2.30587,3.69463,9.7731
10950,10931,217.097,-56.053,2.28788,3.67127,9.7730
11000,10981,216.774,-56.376,2.26999E+2,3.64801E-1,9.7728
11050,11031,216.650,-56.500,2.25223,3.62152,9.7726
11100,11081,216.650,-56.500,2.23460,3.59318,9.7725
11150,11130,216.650,-56.500,2.21711,3.56506,9.7723
11200,11180,216.650,-56.500,2.19976,3.53716,9.7722
11250,11230,216.650,-56.500,2.18255,3.50948,9.7720
11300,11280,216.650,-56.500,2.16547,3.48201,9.7719
11350,11330,216.650,-56.500,2.14852,3.45477,9.7717
11400,11380,216.650,-56.500,2.13171,3.42773,9.7716
11450,11429,216.650,-56.500,2.11502,3.40091,9.7714
11500,11479,216.650,-56.500,2.09847E+2,3.37429E-1,9.7713
11550,11529,216.650,-56.500,2.08205,3.34789,9.7711
11600,11579,216.650,-56.500,2.06576,3.32169,9.7710
11650,11629,216.650,-56.500,2.04960,3.29570,9.7708
11700,11679,216.650,-56.500,2.03356,3.26991,9.7706
11750,11728,216.650,-56.500,2.01765,3.24433,9.7705
11800,11778,216.650,-56.500,2.00186,3.21894,9.7703
11850,11828,216.650,-56.500,1.98620,3.19375,9.7702
11900,11878,216.650,-56.500,1.97066,3.16877,9.7700
11950,11928,216.650,-56.500,1.95524,3.14397,9.7699
12000,11977,216.650,-56.500,1.93994E+2,3.11937E-1,9.7697
12050,12027,216.650,-56.500,1.92476,3.09497,9.7696
12100,12077,216.650,-56.500,1.90970,3.07075,9.7694
12150,12127,216.650,-56.500,1.89476,3.04673,9.7693
12200,12177,216.650,-56.500,1.87994,3.02289,9.7691
12250,12226,216.650,-56.500,1.86523,2.99924,9.7690
12300,12276,216.650,-56.500,1.85064,2.97578,9.7688
12350,12326,216.650,-56.500,1.83616,2.95250,9.7687
12400,12376,216.650,-56.500,1.82180,2.92940,9.7685
12450,12426,216.650,-56.500,1.80754,2.90649,9.7683
12500,12475,216.650,-56.500,1.79340E+2,2.88375E-1,9.7682
12550,12525,216.650,-56.500,1.77937,2.86119,9.7680
12600,12575,216.650,-56.500,1.76546,2.83881,9.7679
12650,12625,216.650,-56.500,1.75165,2.81660,9.7677
12700,12675,216.650,-56.500,1.73794,2.79457,9.7676
12750,12724,216.650,-56.500,1.72435,2.77271,9.7674
12800,12774,216.650,-56.500,1.71086,2.75102,9.7673
12850,12824,216.650,-56.500,1.69748,2.72950,9.7671
12900,12874,216.650,-56.500,1.68420,2.70815,9.7670
12950,12924,216.650,-56.500,1.67103,2.68697,9.7668
13000,12973,216.650,-56.500,1.65796E+2,2.66595E-1,9.7667
13050,13023,216.650,-56.500,1.64499,2.64510,9.7665
13100,13073,216.650,-56.500,1.63212,2.62442,9.7664
13150,13123,216.650,-56.500,1.61936,2.60389,9.7662
13200,13173,216.650,-56.500,1.60669,2.58352,9.7660
13250,13222,216.650,-56.500,1.59413,2.56332,9.7659
13300,13272,216.650,-56.500,1.58166,2.54327,9.7657
13350,13322,216.650,-56.500,1.56929,2.52338,9.7656
13400,13372,216.650,-56.500,1.55702,2.50365,9.7654
13450,13422,216.650,-56.500,1.54484,2.48407,9.7653
13500,13471,216.650,-56.500,1.53276E+2,2.46464E-1,9.7651
13550,13521,216.650,-56.500,1.52077,2.44537,9.7650
13600,13571,216.650,-56.500,1.50888,2.42624,9.7648
13650,13621,216.650,-56.500,1.49708,2.40727,9.7647
13700,13671,216.650,-56.500,1.48537,2.38845,9.7645
13750,13720,216.650,-56.500,1.47376,2.36977,9.7644
13800,13770,216.650,-56.500,1.46223,2.35124,9.7642
13850,13820,216.650,-56.500,1.45080,2.33285,9.7641
13900,13870,216.650,-56.500,1.43946,2.31461,9.7639
13950,13919,216.650,-56.500,1.42820,2.29651,9.7637
14000,13969,216.650,-56.500,1.41703E+2,2.27855E-1,9.7636
14050,14019,216.650,-56.500,1.40595,2.26074,9.7634
14100,14069,216.650,-56.500,1.39496,2.24306,9.7633
14150,14119,216.650,-56.500,1.38405,2.22552,9.7631
14200,14168,216.650,-56.500,1.37323,2.20812,9.7630
14250,14218,216.650,-56.500,1.36250,2.19086,9.7628
14300,14268,216.650,-56.500,1.35184,2.17373,9.7627
14350,14318,216.650,-56.500,1.34127,2.15674,9.7625
14400,14367,216.650,-56.500,1.33079,2.13987,9.7624
14450,14417,216.650,-56.500,1.32038,2.12314,9.7622
14500,14467,216.650,-56.500,1.31006E+2,2.10654E-1,9.7621
14550,14517,216.650,-56.500,1.29982,2.09008,9.7619
14600,14567,216.650,-56.500,1.28966,2.07374,9.7618
14650,14616,216.650,-56.500,1.27958,2.05753,9.7616
14700,14666,216.650,-56.500,1.26957,2.04144,9.7615
14750,14716,216.650,-56.500,1.25965,2.02548,9.7613
14800,14766,216.650,-56.500,1.24980,2.00965,9.7611
14850,14815,216.650,-56.500,1.24003,1.99394,9.7610
14900,14865,216.650,-56.500,1.23034,1.97835,9.7608
14950,14915,216.650,-56.500,1.22072,1.96289,9.7607
15000,14965,216.650,-56.500,1.21118E+2,1.94755E-1,9.7605
15050,15014,216.650,-56.500,1.20171,1.93232,9.7604
15100,15064,216.650,-56.500,1.19232,1.91722,9.7602
15150,15114,216.650,-56.500,1.18300,1.90223,9.7601
15200,15164,216.650,-56.500,1.17375,1.88736,9.7599
15250,15214,216.650,-56.500,1.16458,1.87261,9.7598
15300,15263,216.650,-56.500,1.15548,1.85798,9.7596
15350,15313,216.650,-56.500,1.14644,1.84345,9.7595
15400,15363,216.650,-56.500,1.13748,1.82905,9.7593
15450,15413,216.650,-56.500,1.12859,1.81475,9.7592
15500,15462,216.650,-56.500,1.11977E+2,1.80057E-1,9.7590
15550,15512,216.650,-56.500,1.11102,1.78650,9.7588
15600,15562,216.650,-56.500,1.10234,1.77253,9.7587
15650,15612,216.650,-56.500,1.09372,1.75868,9.7585
15700,15661,216.650,-56.500,1.08518,1.74494,9.7584
15750,15711,216.650,-56.500,1.07670,1.73130,9.7582
15800,15761,216.650,-56.500,1.06828,1.71777,9.7581
15850,15811,216.650,-56.500,1.05993,1.70435,9.7579
15900,15860,216.650,-56.500,1.05165,1.69103,9.7578
15950,15910,216.650,-56.500,1.04343,1.67782,9.7576
16000,15960,216.650,-56.500,1.03528E+2,1.66470E-1,9.7575
16050,16010,216.650,-56.500,1.02719,1.65170,9.7573
16100,16059,216.650,-56.500,1.01916,1.63879,9.7572
16150,16109,216.650,-56.500,1.01120,1.62598,9.7570
16200,16159,216.650,-56.500,1.00330,1.61328,9.7569
16250,16209,216.650,-56.500,9.95459E+1,1.60067,9.7567
16300,16258,216.650,-56.500,9.87681,1.58817,9.7566
16350,16308,216.650,-56.500,9.79964,1.57576,9.7564
16400,16358,216.650,-56.500,9.72307,1.56345,9.7562
16450,16408,216.650,-56.500,9.64711,1.55123,9.7561
16500,16457,216.650,-56.500,9.57173E+1,1.53911E-1,9.7559
16550,16507,216.650,-56.500,9.49695,1.52709,9.7558
16600,16557,216.650,-56.500,9.42275,1.51515,9.7556
16650,16607,216.650,-56.500,9.34913,1.50332,9.7555
16700,16656,216.650,-56.500,9.27609,1.49157,9.7553
16750,16706,216.650,-56.500,9.20362,1.47992,9.7552
16800,16756,216.650,-56.500,9.13172,1.46836,9.7550
16850,16805,216.650,-56.500,9.06039,1.45689,9.7549
16900,16855,216.650,-56.500,8.98960,1.44551,9.7547
16950,16905,216.650,-56.500,8.91938,1.43421,9.7546
17000,16955,216.650,-56.500,8.84970E+1,1.42301E-1,9.7544
17050,17004,216.650,-56.500,8.78057,1.41189,9.7543
17100,17054,216.650,-56.500,8.71198,1.40086,9.7541
17150,17104,216.650,-56.500,8.64393,1.38992,9.7539
17200,17154,216.650,-56.500,8.57641,1.37907,9.7538
17250,17203,216.650,-56.500,8.50942,1.36829,9.7536
17300,17253,216.650,-56.500,8.44295,1.35761,9.7535
17350,17303,216.650,-56.500,8.37700,1.34700,9.7533
17400,17353,216.650,-56.500,8.31157,1.33648,9.7532
17450,17402,216.650,-56.500,8.24665,1.32604,9.7530
17500,17452,216.650,-56.500,8.18224E+1,1.31568E-1,9.7529
17550,17502,216.650,-56.500,8.11833,1.30541,9.7527
17600,17551,216.650,-56.500,8.05492,1.29521,9.7526
17650,17601,216.650,-56.500,7.99201,1.28509,9.7524
17700,17651,216.650,-56.500,7.92959,1.27506,9.7523
17750,17701,216.650,-56.500,7.86766,1.26510,9.7521
17800,17750,216.650,-56.500,7.80622,1.25522,9.7520
17850,17800,216.650,-56.500,7.74525,1.24542,9.7518
17900,17850,216.650,-56.500,7.68477,1.23569,9.7517
17950,17899,216.650,-56.500,7.62475,1.22604,9.7515
18000,17949,216.650,-56.500,7.56521E+1,1.21647E-1,9.7513
18050,17999,216.650,-56.500,7.50613,1.20697,9.7512
18100,18049,216.650,-56.500,7.44751,1.19754,9.7510
18150,18098,216.650,-56.500,7.38936,1.18819,9.7509
18200,18148,216.650,-56.500,7.33165,1.17891,9.7507
18250,18198,216.650,-56.500,7.27440,1.16971,9.7506
18300,18247,216.650,-56.500,7.21760,1.16057,9.7504
18350,18297,216.650,-56.500,7.16124,1.15151,9.7503
18400,18347,216.650,-56.500,7.10532,1.14252,9.7501
18450,18397,216.650,-56.500,7.04984,1.13360,9.7500
18500,18446,216.650,-56.500,6.99480E+1,1.12475E-1,9.7498
18550,18496,216.650,-56.500,6.94018,1.11596,9.7497
18600,18546,216.650,-56.500,6.88599,1.10725,9.7495
18650,18595,216.650,-56.500,6.83223,1.09861,9.7494
18700,18645,216.650,-56.500,6.77888,1.09003,9.7492
18750,18695,216.650,-56.500,6.72596,1.08152,9.7491
18800,18745,216.650,-56.500,6.67345,1.07307,9.7489
18850,18794,216.650,-56.500,6.62134,1.06470,9.7487
18900,18844,216.650,-56.500,6.56965,1.05638,9.7486
18950,18894,216.650,-56.500,6.51836,1.04814,9.7484
19000,18943,216.650,-56.500,6.46747E+1,1.03995E-1,9.7483
19050,18993,216.650,-56.500,6.41698,1.03183,9.7481
19100,19043,216.650,-56.500,6.36689,1.02378,9.7480
19150,19092,216.650,-56.500,6.31718,1.01579,9.7478
19200,19142,216.650,-56.500,6.26787,1.00786,9.7477
19250,19192,216.650,-56.500,6.21894,9.99990E-2,9.7475
19300,19242,216.650,-56.500,6.17039,9.92184,9.7474
19350,19291,216.650,-56.500,6.12223,9.84439,9.7472
19400,19341,216.650,-56.500,6.07444,9.76754,9.7471
19450,19391,216.650,-56.500,6.02702,9.69130,9.7469
19500,19440,216.650,-56.500,5.97997E+1,9.61565E-2,9.7468
19550,19490,216.650,-56.500,5.93330,9.54060,9.7466
19600,19540,216.650,-56.500,5.88699,9.46613,9.7465
19650,19589,216.650,-56.500,5.84104,9.39224,9.7463
19700,19639,216.650,-56.500,5.79544,9.31893,9.7461
19750,19689,216.650,-56.500,5.75021,9.24620,9.7460
19800,19739,216.650,-56.500,5.70533,9.17403,9.7458
19850,19788,216.650,-56.500,5.66080,9.10243,9.7457
19900,19838,216.650,-56.500,5.61662,9.03139,9.7455
19950,19888,216.650,-56.500,5.57279,8.96090,9.7454
20000,19937,216.650,-56.500,5.52929E+1,8.89097E-2,9.7452
20050,19987,216.650,-56.500,5.48614,8.82158,9.7451
20100,20037,216.687,-56.463,5.44333,8.75125,9.7449
20150,20086,216.736,-56.414,5.40086,8.68098,9.7448
20200,20136,216.786,-56.364,5.35873,8.61130,9.7446
20250,20186,216.836,-56.314,5.31694,8.54219,9.7445
20300,20235,216.885,-56.265,5.27549,8.47365,9.7443
20350,20285,216.935,-56.215,5.23437,8.40568,9.7442
20400,20335,216.985,-56.165,5.19358,8.33827,9.7440
20450,20384,217.034,-56.116,5.15312,8.27142,9.7439
20500,20434,217.084,-56.066,5.11298E+1,8.20511E-2,9.7437
20550,20484,217.134,-56.016,5.07317,8.13936,9.7436
20600,20533,217.183,-55.967,5.03368,8.07415,9.7434
20650,20583,217.233,-55.917,4.99450,8.00948,9.7432
20700,20633,217.283,-55.867,4.95564,7.94534,9.7431
20750,20682,217.332,-55.818,4.91709,7.88173,9.7429
20800,20732,217.382,-55.768,4.87885,7.81864,9.7428
20850,20782,217.432,-55.718,4.84091,7.75608,9.7426
20900,20832,217.482,-55.668,4.80328,7.69403,9.7425
20950,20881,217.531,-55.619,4.76595,7.63249,9.7423
21000,20931,217.581,-55.569,4.72892E+1,7.57146E-2,9.7422
21050,20981,217.631,-55.519,4.69219,7.51093,9.7420
21100,21030,217.680,-55.470,4.65575,7.45090,9.7419
21150,21080,217.730,-55.420,4.61960,7.39137,9.7417
21200,21130,217.780,-55.370,4.58375,7.33232,9.7416
21250,21179,217.829,-55.321,4.54817,7.27376,9.7414
21300,21229,217.879,-55.271,4.51289,7.21568,9.7413
21350,21279,217.929,-55.221,4.47788,7.15809,9.7411
21400,21328,217.978,-55.172,4.44316,7.10096,9.7410
21450,21378,218.028,-55.122,4.40871,7.04430,9.7408
21500,21428,218.078,-55.072,4.37454E+1,6.98811E-2,9.7406
21550,21477,218.127,-55.023,4.34065,6.93238,9.7405
21600,21527,218.177,-54.973,4.30702,6.87711,9.7403
21650,21577,218.227,-54.923,4.27366,6.82229,9.7402
21700,21626,218.276,-54.874,4.24056,6.76792,9.7400
21750,21676,218.326,-54.824,4.20774,6.71400,9.7399
21800,21725,218.375,-54.775,4.17517,6.66052,9.7397
21850,21775,218.425,-54.725,4.14286,6.60748,9.7396
21900,21825,218.475,-54.675,4.11082,6.55488,9.7394
21950,21874,218.524,-54.626,4.07902,6.50271,9.7393
22000,21924,218.574,-54.576,4.04748E+1,6.45096E-2,9.7391
22050,21974,218.624,-54.526,4.01620,6.39964,9.7390
22100,22023,218.673,-54.477,3.98516,6.34874,9.7388
22150,22073,218.723,-54.427,3.95437,6.29825,9.7387
22200,22123,218.773,-54.377,3.92382,6.24819,9.7385
22250,22172,218.822,-54.328,3.89352,6.19853,9.7384
22300,22222,218.872,-54.278,3.86346,6.14927,9.7382
22350,22272,218.922,-54.228,3.83363,6.10042,9.7381
22400,22321,218.971,-54.179,3.80405,6.05197,9.7379
22450,22371,219.021,-54.129,3.77470,6.00392,9.7377
22500,22421,219.071,-54.079,3.74558E+1,5.95626E-2,9.7376
22550,22470,219.120,-54.030,3.71670,5.90898,9.7374
22600,22520,219.170,-53.980,3.68804,5.86210,9.7373
22650,22570,219.220,-53.930,3.65962,5.81560,9.7371
22700,22619,219.269,-53.881,3.63142,5.76948,9.7370
22750,22669,219.319,-53.831,3.60344,5.72373,9.7368
22800,22719,219.369,-53.781,3.57569,5.67836,9.7367
22850,22768,219.418,-53.732,3.54815,5.63336,9.7365
22900,22818,219.468,-53.682,3.52083,5.58873,9.7364
22950,22867,219.517,-53.633,3.49373,5.54446,9.7362
23000,22917,219.567,-53.583,3.46685E+1,5.50055E-2,9.7361
23050,22967,219.617,-53.533,3.44018,5.45700,9.7359
23100,23016,219.666,-53.484,3.41372,5.41381,9.7358
23150,23066,219.716,-53.434,3.38747,5.37096,9.7356
23200,23116,219.766,-53.384,3.36143,5.32847,9.7355
23250,23165,219.815,-53.335,3.33560,5.28633,9.7353
23300,23215,219.865,-53.285,3.30997,5.24452,9.7352
23350,23265,219.915,-53.235,3.28454,5.20306,9.7350
23400,23314,219.964,-53.186,3.25932,5.16194,9.7348
23450,23364,220.014,-53.136,3.23429,5.12114,9.7347
23500,23413,220.063,-53.087,3.20946E+1,5.08069E-2,9.7345
23550,23463,220.113,-53.037,3.18483,5.04056,9.7344
23600,23513,220.163,-52.987,3.16040,5.00076,9.7342
23650,23562,220.212,-52.938,3.13615,4.96128,9.7341
23700,23612,220.262,-52.888,3.11210,4.92212,9.7339
23750,23662,220.312,-52.838,3.08824,4.88328,9.7338
23800,23711,220.361,-52.789,3.06457,4.84476,9.7336
23850,23761,220.411,-52.739,3.04108,4.80655,9.7335
23900,23810,220.460,-52.690,3.01778,4.76865,9.7333
23950,23860,220.510,-52.640,2.99467,4.73106,9.7332
24000,23910,220.560,-52.590,2.97174E+1,4.69377E-2,9.7330
24050,23959,220.609,-52.541,2.94898,4.65679,9.7329
24100,24009,220.659,-52.491,2.92641,4.62010,9.7327
24150,24059,220.709,-52.441,2.90402,4.58372,9.7326
24200,24108,220.758,-52.392,2.88180,4.54762,9.7324
24250,24158,220.808,-52.342,2.85976,4.51183,9.7323
24300,24207,220.857,-52.293,2.83789,4.47632,9.7321
24350,24257,220.907,-52.243,2.81619,4.44110,9.7319
24400,24307,220.957,-52.193,2.79467,4.40617,9.7318
24450,24356,221.006,-52.144,2.77331,4.37151,9.7316
24500,24406,221.056,-52.094,2.75212E+1,4.33714E-2,9.7315
24550,24456,221.106,-52.044,2.73110,4.30305,9.7313
24600,24505,221.155,-51.995,2.71025,4.26924,9.7312
24650,24555,221.205,-51.945,2.68956,4.23569,9.7310
24700,24604,221.254,-51.896,2.66903,4.20242,9.7309
24750,24654,221.304,-51.846,2.64866,4.16942,9.7307
24800,24704,221.354,-51.796,2.62846,4.13669,9.7306
24850,24753,221.403,-51.747,2.60841,4.10422,9.7304
24900,24803,221.453,-51.697,2.58852,4.07201,9.7303
24950,24852,221.502,-51.648,2.56879,4.04006,9.7301
25000,24902,221.552,-51.598,2.54921E+1,4.00837E-2,9.7300
25050,24952,221.602,-51.548,2.52979,3.97694,9.7298
25100,25001,221.651,-51.499,2.51052,3.94576,9.7297
25150,25051,221.701,-51.449,2.49140,3.91483,9.7295
25200,25100,221.750,-51.400,2.47243,3.88416,9.7294
25250,25150,221.800,-51.350,2.45361,3.85373,9.7292
25300,25200,221.850,-51.300,2.43493,3.82355,9.7291
25350,25249,221.899,-51.251,2.41641,3.79360,9.7289
25400,25299,221.949,-51.201,2.39802,3.76390,9.7287
25450,25349,221.999,-51.151,2.37979,3.73445,9.7286
25500,25398,222.048,-51.102,2.36169E+1,3.70522E-2,9.7284
25550,25448,222.098,-51.052,2.34374,3.67624,9.7283
25600,25497,222.147,-51.003,2.32593,3.64748,9.7281
25650,25547,222.197,-50.953,2.30826,3.61896,9.7280
25700,25597,222.247,-50.903,2.29072,3.59067,9.7278
25750,25646,222.296,-50.854,2.27333,3.56261,9.7277
25800,25696,222.346,-50.804,2.25607,3.53477,9.7275
25850,25745,222.395,-50.755,2.23894,3.50716,9.7274
25900,25795,222.445,-50.705,2.22195,3.47977,9.7272
25950,25844,222.494,-50.656,2.20509,3.45260,9.7271
26000,25894,222.544,-50.606,2.18837E+1,3.42565E-2,9.7269
26050,25944,222.594,-50.556,2.17177,3.39891,9.7268
26100,25993,222.643,-50.507,2.15531,3.37239,9.7266
26150,26043,222.693,-50.457,2.13897,3.34608,9.7265
26200,26092,222.742,-50.408,2.12276,3.31998,9.7263
26250,26142,222.792,-50.358,2.10668,3.29410,9.7262
26300,26192,222.842,-50.308,2.09072,3.26842,9.7260
26350,26241,222.891,-50.259,2.07489,3.24295,9.7259
26400,26291,222.941,-50.209,2.05918,3.21768,9.7257
26450,26340,222.990,-50.160,2.04360,3.19262,9.7255
26500,26390,223.040,-50.110,2.02813E+1,3.16775E-2,9.7254
26550,26440,223.090,-50.060,2.01279,3.14309,9.7252
26600,26489,223.139,-50.011,1.99756,3.11862,9.7251
26650,26539,223.189,-49.961,1.98246,3.09435,9.7249
26700,26588,223.238,-49.912,1.96747,3.07028,9.7248
26750,26638,223.288,-49.862,1.95260,3.04639,9.7246
26800,26687,223.337,-49.813,1.93785,3.02270,9.7245
26850,26737,223.387,-49.763,1.92320,2.99920,9.7243
26900,26787,223.437,-49.713,1.90868,2.97589,9.7242
26950,26836,223.486,-49.664,1.89427,2.95276,9.7240
27000,26886,223.536,-49.614,1.87997E+1,2.92982E-2,9.7239
27050,26935,223.585,-49.565,1.86578,2.90706,9.7237
27100,26985,223.635,-49.515,1.85170,2.88449,9.7236
27150,27035,223.685,-49.465,1.83773,2.86209,9.7234
27200,27084,223.734,-49.416,1.82387,2.83988,9.7233
27250,27134,223.784,-49.366,1.81012,2.81784,9.7231
27300,27183,223.833,-49.317,1.79647,2.79598,9.7230
27350,27233,223.883,-49.267,1.78293,2.77429,9.7228
27400,27282,223.932,-49.218,1.76950,2.75278,9.7227
27450,27332,223.982,-49.168,1.75617,2.73143,9.7225
27500,27382,224.032,-49.118,1.74294E+1,2.71026E-2,9.7223
27550,27431,224.081,-49.069,1.72982,2.68926,9.7222
27600,27481,224.131,-49.019,1.71679,2.66842,9.7220
27650,27530,224.180,-48.970,1.70387,2.64776,9.7219
27700,27580,224.230,-48.920,1.69105,2.62725,9.7217
27750,27629,224.279,-48.871,1.67833,2.60691,9.7216
27800,27679,224.329,-48.821,1.66571,2.58673,9.7214
27850,27729,224.379,-48.771,1.65318,2.56672,9.7213
27900,27778,224.428,-48.722,1.64076,2.54686,9.7211
27950,27828,224.478,-48.672,1.62843,2.52716,9.7210
28000,27877,224.527,-48.623,1.61619E+1,2.50762E-2,9.7208
28050,27927,224.577,-48.573,1.60405,2.48823,9.7207
28100,27976,224.626,-48.524,1.59200,2.46900,9.7205
28150,28026,224.676,-48.474,1.58005,2.44992,9.7204
28200,28075,224.725,-48.425,1.56819,2.43100,9.7202
28250,28125,224.775,-48.375,1.55642,2.41222,9.7201
28300,28175,224.825,-48.325,1.54474,2.39359,9.7199
28350,28224,224.874,-48.276,1.53315,2.37511,9.7198
28400,28274,224.924,-48.226,1.52166,2.35678,9.7196
28450,28323,224.973,-48.177,1.51025,2.33859,9.7195
28500,28373,225.023,-48.127,1.49893E+1,2.32055E-2,9.7193
28550,28422,225.072,-48.078,1.48769,2.30266,9.7192
28600,28472,225.122,-48.028,1.47655,2.28490,9.7190
28650,28521,225.171,-47.979,1.46548,2.26728,9.7188
28700,28571,225.221,-47.929,1.45451,2.24981,9.7187
28750,28621,225.271,-47.879,1.44362,2.23247,9.7185
28800,28670,225.320,-47.830,1.43281,2.21528,9.7184
28850,28720,225.370,-47.780,1.42209,2.19821,9.7182
28900,28769,225.419,-47.731,1.41145,2.18129,9.7181
28950,28819,225.469,-47.681,1.40089,2.16449,9.7179
29000,28868,225.518,-47.632,1.39042E+1,2.14783E-2,9.7178
29050,28918,225.568,-47.582,1.38002,2.13131,9.7176
29100,28967,225.617,-47.533,1.36970,2.11491,9.7175
29150,29017,225.667,-47.483,1.35947,2.09865,9.7173
29200,29066,225.716,-47.434,1.34931,2.08251,9.7172
29250,29116,225.766,-47.384,1.33923,2.06650,9.7170
29300,29166,225.816,-47.334,1.32923,2.05062,9.7169
29350,29215,225.865,-47.285,1.31931,2.03486,9.7167
29400,29265,225.915,-47.235,1.30946,2.01923,9.7166
29450,29314,225.964,-47.186,1.29969,2.00372,9.7164
29500,29364,226.014,-47.136,1.28999E+1,1.98833E-2,9.7163
29550,29413,226.063,-47.087,1.28037,1.97307,9.7161
29600,29463,226.113,-47.037,1.27082,1.95793,9.7160
29650,29512,226.162,-46.988,1.26134,1.94290,9.7158
29700,29562,226.212,-46.938,1.25194,1.92800,9.7157
29750,29611,226.261,-46.889,1.24261,1.91321,9.7155
29800,29661,226.311,-46.839,1.23335,1.89854,9.7153
29850,29710,226.360,-46.790,1.22417,1.88399,9.7152
29900,29760,226.410,-46.740,1.21505,1.86955,9.7150
29950,29810,226.460,-46.690,1.20600,1.85522,9.7149
30000,29859,226.509,-46.641,1.19703E+1,1.84101E-2,9.7147
30050,29909,226.559,-46.591,1.18812,1.82691,9.7146
30100,29958,226.608,-46.542,1.17928,1.81292,9.7144
30150,30008,226.658,-46.492,1.17051,1.79904,9.7143
30200,30057,226.707,-46.443,1.16180,1.78527,9.7141
30250,30107,226.757,-46.393,1.15316,1.77161,9.7140
30300,30156,226.806,-46.344,1.14459,1.75806,9.7138
30350,30206,226.856,-46.294,1.13609,1.74461,9.7137
30400,30255,226.905,-46.245,1.12764,1.73127,9.7135
30450,30305,226.955,-46.195,1.11927,1.71804,9.7134
30500,30354,227.004,-46.146,1.11096E+1,1.70491E-2,9.7132
30550,30404,227.054,-46.096,1.10271,1.69188,9.7131
30600,30453,227.103,-46.047,1.09452,1.67896,9.7129
30650,30503,227.153,-45.997,1.08640,1.66613,9.7128
30700,30552,227.202,-45.948,1.07834,1.65341,9.7126
30750,30602,227.252,-45.898,1.07034,1.64079,9.7125
30800,30651,227.301,-45.849,1.06240,1.62827,9.7123
30850,30701,227.351,-45.799,1.05453,1.61584,9.7122
30900,30751,227.401,-45.749,1.04671,1.60352,9.7120
30950,30800,227.450,-45.700,1.03895,1.59129,9.7118
31000,30850,227.500,-45.650,1.03126E+1,1.57915E-2,9.7117
31050,30899,227.549,-45.601,1.02362,1.56711,9.7115
31100,30949,227.599,-45.551,1.01604,1.55517,9.7114
31150,30998,227.648,-45.502,1.00851,1.54332,9.7112
31200,31048,227.698,-45.452,1.00105,1.53156,9.7111
31250,31097,227.747,-45.403,9.93641E+0,1.51990,9.7109
31300,31147,227.797,-45.353,9.86289,1.50833,9.7108
31350,31196,227.846,-45.304,9.78994,1.49684,9.7106
31400,31246,227.896,-45.254,9.71754,1.48545,9.7105
31450,31295,227.945,-45.205,9.64569,1.47415,9.7103
31500,31345,227.995,-45.155,9.57440E+0,1.46293E-2,9.7102
31550,31394,228.044,-45.106,9.50364,1.45181,9.7100
31600,31444,228.094,-45.056,9.43342,1.44077,9.7099
31650,31493,228.143,-45.007,9.36374,1.42982,9.7097
31700,31543,228.193,-44.957,9.29459,1.41895,9.7096
31750,31592,228.242,-44.908,9.22597,1.40817,9.7094
31800,31642,228.292,-44.858,9.15787,1.39747,9.7093
31850,31691,228.341,-44.809,9.09028,1.38686,9.7091
31900,31741,228.391,-44.759,9.02322,1.37632,9.7090
31950,31790,228.440,-44.710,8.95665,1.36588,9.7088
32000,31840,228.490,-44.660,8.89060E+0,1.35551E-2,9.7087
32100,31939,228.589,-44.561,8.76000,1.33502,9.7084
32200,32038,228.756,-44.394,8.63138,1.31446,9.7080
32300,32137,229.033,-44.117,8.50479,1.29361,9.7077
32400,32236,229.310,-43.840,8.38021,1.27312,9.7074
32500,32335,229.587,-43.563,8.25760,1.25298,9.7071
32600,32434,229.864,-43.286,8.13694,1.23318,9.7068
32700,32533,230.141,-43.009,8.01819,1.21372,9.7065
32800,32632,230.419,-42.731,7.90131,1.19459,9.7062
32900,32731,230.696,-42.454,7.78628,1.17579,9.7059
33000,32830,230.973,-42.177,7.67306E+0,1.15730E-2,9.7056
33100,32929,231.250,-41.900,7.56162,1.13912,9.7053
33200,33028,231.527,-41.623,7.45194,1.12126,9.7050
33300,33126,231.804,-41.346,7.34398,1.10369,9.7047
33400,33225,232.081,-41.069,7.23771,1.08642,9.7044
33500,33324,232.358,-40.792,7.13310,1.06945,9.7041
33600,33423,232.635,-40.515,7.03014,1.05275,9.7038
33700,33522,232.912,-40.238,6.92878,1.03634,9.7035
33800,33621,233.189,-39.961,6.82901,1.02020,9.7032
33900,33720,233.466,-39.684,6.73079,1.00434,9.7029
34000,33819,233.744,-39.406,6.63410E+0,9.88736E-3,9.7026
34100,33918,234.021,-39.129,6.53891,9.73396,9.7023
34200,34017,234.298,-38.852,6.44521,9.58313,9.7020
34300,34116,234.575,-38.575,6.35296,9.43481,9.7017
34400,34215,234.852,-38.298,6.26213,9.28896,9.7014
34500,34314,235.129,-38.021,6.17272,9.14553,9.7011
34600,34413,235.406,-37.744,6.08468,9.00449,9.7008
34700,34512,235.682,-37.468,5.99801,8.86580,9.7005
34800,34611,235.959,-37.191,5.91267,8.72940,9.7002
34900,34709,236.236,-36.914,5.82865,8.59526,9.6998
35000,34808,236.513,-36.637,5.74592E+0,8.46334E-3,9.6995
35100,34907,236.790,-36.360,5.66446,8.33360,9.6992
35200,35006,237.067,-36.083,5.58425,8.20600,9.6989
35300,35105,237.344,-35.806,5.50527,8.08050,9.6986
35400,35204,237.621,-35.529,5.42751,7.95707,9.6983
35500,35303,237.898,-35.252,5.35093,7.83567,9.6980
35600,35402,238.175,-34.975,5.27552,7.71627,9.6977
35700,35501,238.452,-34.698,5.20126,7.59882,9.6974
35800,35600,238.729,-34.421,5.12813,7.48330,9.6971
35900,35698,239.005,-34.145,5.05612,7.36966,9.6968
36000,35797,239.282,-33.868,4.98520E+0,7.25789E-3,9.6965
36100,35896,239.559,-33.591,4.91536,7.14794,9.6962
36200,35995,239.836,-33.314,4.84658,7.03978,9.6959
36300,36094,240.113,-33.037,4.77884,6.93339,9.6956
36400,36193,240.390,-32.760,4.71213,6.82872,9.6953
36500,36292,240.667,-32.483,4.64642,6.72576,9.6950
36600,36390,240.943,-32.207,4.58171,6.62447,9.6947
36700,36489,241.220,-31.930,4.51797,6.52482,9.6944
36800,36588,241.497,-31.653,4.45520,6.42678,9.6941
36900,36687,241.774,-31.376,4.39337,6.33033,9.6938
37000,36786,242.050,-31.100,4.33246E+0,6.23544E-3,9.6935
37100,36885,242.327,-30.823,4.27247,6.14208,9.6932
37200,36984,242.604,-30.546,4.21339,6.05022,9.6929
37300,37082,242.881,-30.269,4.15518,5.95985,9.6926
37400,37181,243.157,-29.993,4.09785,5.87092,9.6923
37500,37280,243.434,-29.716,4.04137,5.78343,9.6920
37600,37379,243.711,-29.439,3.98574,5.69734,9.6917
37700,37478,243.988,-29.162,3.93093,5.61263,9.6914
37800,37577,244.264,-28.886,3.87695,5.52927,9.6911
37900,37675,244.541,-28.609,3.82376,5.44725,9.6908
38000,37774,244.818,-28.332,3.77137E+0,5.36653E-3,9.6904
38100,37873,245.094,-28.056,3.71975,5.28711,9.6901
38200,37972,245.371,-27.779,3.66890,5.20895,9.6898
38300,38071,245.648,-27.502,3.61880,5.13203,9.6895
38400,38169,245.924,-27.226,3.56944,5.05634,9.6892
38500,38268,246.201,-26.949,3.52081,4.98185,9.6889
38600,38367,246.478,-26.672,3.47290,4.90854,9.6886
38700,38466,246.754,-26.396,3.42569,4.83639,9.6883
38800,38565,247.031,-26.119,3.37918,4.76539,9.6880
38900,38663,247.308,-25.842,3.33335,4.69550,9.6877
39000,38762,247.584,-25.566,3.28820E+0,4.62672E-3,9.6874
39100,38861,247.861,-25.289,3.24371,4.55903,9.6871
39200,38960,248.137,-25.013,3.19987,4.49240,9.6868
39300,39059,248.414,-24.736,3.15667,4.42682,9.6865
39400,39157,248.690,-24.460,3.11410,4.36227,9.6862
39500,39256,248.967,-24.183,3.07216,4.29873,9.6859
39600,39355,249.244,-23.906,3.03083,4.23619,9.6856
39700,39454,249.520,-23.630,2.99010,4.17463,9.6853
39800,39552,249.797,-23.353,2.94996,4.11403,9.6850
39900,39651,250.073,-23.077,2.91040,4.05438,9.6847
40000,39750,250.350,-22.800,2.87143E+0,3.99566E-3,9.6844
40100,39849,250.626,-22.524,2.83301,3.93786,9.6841
40200,39947,250.903,-22.247,2.79515,3.88095,9.6838
40300,40046,251.179,-21.971,2.75784,3.82494,9.6835
40400,40145,251.456,-21.694,2.72107,3.76979,9.6832
40500,40244,251.732,-21.418,2.68483,3.71550,9.6829
40600,40342,252.009,-21.141,2.64912,3.66205,9.6826
40700,40441,252.285,-20.865,2.61391,3.60943,9.6823
40800,40540,252.561,-20.589,2.57922,3.55762,9.6820
40900,40639,252.838,-20.312,2.54502,3.50661,9.6817
41000,40737,253.114,-20.036,2.51132E+0,3.45639E-3,9.6814
41100,40836,253.391,-19.759,2.47810,3.40695,9.6811
41200,40935,253.667,-19.483,2.44535,3.35826,9.6808
41300,41033,253.944,-19.206,2.41307,3.31033,9.6805
41400,41132,254.220,-18.930,2.38126,3.26313,9.6802
41500,41231,254.496,-18.654,2.34989,3.21666,9.6798
41600,41330,254.773,-18.377,2.31898,3.17090,9.6795
41700,41428,255.049,-18.101,2.28851,3.12584,9.6792
41800,41527,255.325,-17.825,2.25847,3.08147,9.6789
41900,41626,255.602,-17.548,2.22885,3.03778,9.6786
42000,41724,255.878,-17.272,2.19966E+0,2.99475E-3,9.6783
42100,41823,256.154,-16.996,2.17088,2.95238,9.6780
42200,41922,256.431,-16.719,2.14251,2.91066,9.6777
42300,42020,256.707,-16.443,2.11454,2.86957,9.6774
42400,42119,256.983,-16.167,2.08697,2.82911,9.6771
42500,42218,257.260,-15.890,2.05979,2.78926,9.6768
42600,42316,257.536,-15.614,2.03299,2.75001,9.6765
42700,42415,257.812,-15.338,2.00656,2.71136,9.6762
42800,42514,258.088,-15.062,1.98051,2.67330,9.6759
42900,42612,258.365,-14.785,1.95483,2.63581,9.6756
43000,42711,258.641,-14.509,1.92950E+0,2.59888E-3,9.6753
43100,42810,258.917,-14.233,1.90454,2.56252,9.6750
43200,42908,259.193,-13.957,1.87992,2.52670,9.6747
43300,43007,259.470,-13.680,1.85564,2.49142,9.6744
43400,43106,259.746,-13.404,1.83171,2.45667,9.6741
43500,43204,260.022,-13.128,1.80811,2.42244,9.6738
43600,43303,260.298,-12.852,1.78484,2.38872,9.6735
43700,43402,260.575,-12.575,1.76189,2.35552,9.6732
43800,43500,260.851,-12.299,1.73927,2.32280,9.6729
43900,43599,261.127,-12.023,1.71696,2.29058,9.6726
44000,43698,261.403,-11.747,1.69496E+0,2.25884E-3,9.6723
44100,43796,261.679,-11.471,1.67326,2.22757,9.6720
44200,43895,261.955,-11.195,1.65186,2.19677,9.6717
44300,43993,262.232,-10.918,1.63076,2.16643,9.6714
44400,44092,262.508,-10.642,1.60996,2.13654,9.6711
44500,44191,262.784,-10.366,1.58944,2.10709,9.6708
44600,44289,263.060,-10.090,1.56920,2.07808,9.6705
44700,44388,263.336,-9.814,1.54924,2.04950,9.6702
44800,44486,263.612,-9.538,1.52956,2.02134,9.6699
44900,44585,263.888,-9.262,1.51015,1.99360,9.6696
45000,44684,264.164,-8.986,1.49101E+0,1.96627E-3,9.6693
45100,44782,264.440,-8.710,1.47213,1.93934,9.6690
45200,44881,264.716,-8.434,1.45350,1.91281,9.6687
45300,44979,264.992,-8.158,1.43514,1.88668,9.6684
45400,45078,265.269,-7.881,1.41702,1.86092,9.6681
45500,45177,265.545,-7.605,1.39915,1.83555,9.6678
45600,45275,265.821,-7.329,1.38153,1.81054,9.6675
45700,45374,266.097,-7.053,1.36414,1.78590,9.6672
45800,45472,266.373,-6.777,1.34700,1.76163,9.6669
45900,45571,266.649,-6.501,1.33008,1.73771,9.6665
46000,45670,266.925,-6.225,1.31340E+0,1.71414E-3,9.6662
46100,45768,267.201,-5.949,1.29694,1.69091,9.6659
46200,45867,267.477,-5.673,1.28071,1.66803,9.6656
46300,45965,267.753,-5.397,1.26470,1.64547,9.6653
46400,46064,268.029,-5.121,1.24890,1.62325,9.6650
46500,46162,268.304,-4.846,1.23332,1.60135,9.6647
46600,46261,268.580,-4.570,1.21795,1.57976,9.6644
46700,46359,268.856,-4.294,1.20278,1.55849,9.6641
46800,46458,269.132,-4.018,1.18782,1.53753,9.6638
46900,46556,269.408,-3.742,1.17306,1.51687,9.6635
47000,46655,269.684,-3.466,1.15851E+0,1.49651E-3,9.6632
47100,46754,269.960,-3.190,1.14414,1.47645,9.6629
47200,46852,270.236,-2.914,1.12997,1.45667,9.6626
47300,46951,270.512,-2.638,1.11599,1.43718,9.6623
47400,47049,270.650,-2.500,1.10219,1.41869,9.6620
47500,47148,270.650,-2.500,1.08857,1.40116,9.6617
47600,47246,270.650,-2.500,1.07512,1.38384,9.6614
47700,47345,270.650,-2.500,1.06183,1.36674,9.6611
47800,47443,270.650,-2.500,1.04871,1.34985,9.6608
47900,47542,270.650,-2.500,1.03575,1.33317,9.6605
48000,47640,270.650,-2.500,1.02295E+0,1.31669E-3,9.6602
48100,47739,270.650,-2.500,1.01031,1.30042,9.6599
48200,47837,270.650,-2.500,9.97826E-1,1.28435,9.6596
48300,47936,270.650,-2.500,9.85497,1.26849,9.6593
48400,48034,270.650,-2.500,9.73320,1.25281,9.6590
48500,48133,270.650,-2.500,9.61295,1.23733,9.6587
48600,48231,270.650,-2.500,9.49418,1.22205,9.6584
48700,48330,270.650,-2.500,9.37688,1.20695,9.6581
48800,48428,270.650,-2.500,9.26103,1.19204,9.6578
48900,48527,270.650,-2.500,9.14663,1.17731,9.6575
49000,48625,270.650,-2.500,9.03363E-1,1.16277E-3,9.6572
49100,48724,270.650,-2.500,8.92204,1.14840,9.6569
49200,48822,270.650,-2.500,8.81183,1.13422,9.6566
49300,48921,270.650,-2.500,8.70298,1.12021,9.6563
49400,49019,270.650,-2.500,8.59548,1.10637,9.6560
49500,49118,270.650,-2.500,8.48931,1.09270,9.6557
49600,49216,270.650,-2.500,8.38446,1.07921,9.6554
49700,49314,270.650,-2.500,8.28090,1.06588,9.6551
49800,49413,270.650,-2.500,8.17863,1.05271,9.6548
49900,49511,270.650,-2.500,8.07762,1.03971,9.6545
50000,49610,270.650,-2.500,7.97787E-1,1.02687E-3,9.6542
50100,49708,270.650,-2.500,7.87935,1.01419,9.6539
50200,49807,270.650,-2.500,7.78205,1.00167,9.6536
50300,49905,270.650,-2.500,7.68595,9.89299E-4,9.6533
50400,50004,270.650,-2.500,7.59104,9.77083,9.6530
50500,50102,270.650,-2.500,7.49731,9.65018,9.6527
50600,50200,270.650,-2.500,7.40474,9.53102,9.6524
50700,50299,270.650,-2.500,7.31331,9.41335,9.6521
50800,50397,270.650,-2.500,7.22302,9.29712,9.6518
50900,50496,270.650,-2.500,7.13384,9.18234,9.6515
51000,50594,270.650,-2.500,7.04576E-1,9.06897E-4,9.6512
51200,50791,270.650,-2.500,6.87287,8.84644,9.6506
51400,50988,270.650,-2.500,6.70424,8.62938,9.6500
51600,51185,270.133,-3.017,6.53960,8.43356,9.6494
51800,51381,269.582,-3.568,6.37870,8.24287,9.6488
52000,51578,269.031,-4.119,6.22144,8.05613,9.6482
52200,51775,268.480,-4.670,6.06777,7.87325,9.6476
52400,51972,267.930,-5.220,5.91759,7.69418,9.6470
52600,52168,267.379,-5.771,5.77084,7.51883,9.6463
52800,52365,266.828,-6.322,5.62745,7.34714,9.6457
53000,52562,266.277,-6.873,5.48734E-1,7.17904E-4,9.6451
53200,52758,265.726,-7.424,5.35045,7.01446,9.6445
53400,52955,265.176,-7.974,5.21671,6.85333,9.6439
53600,53152,264.625,-8.525,5.08606,6.69559,9.6433
53800,53348,264.074,-9.076,4.95842,6.54117,9.6427
54000,53545,263.524,-9.626,4.83374,6.39001,9.6421
54200,53742,262.973,-10.177,4.71195,6.24205,9.6415
54400,53938,262.423,-10.727,4.59299,6.09723,9.6409
54600,54135,261.872,-11.278,4.47680,5.95547,9.6403
54800,54332,261.322,-11.828,4.36332,5.81674,9.6397
55000,54528,260.771,-12.379,4.25249E-1,5.68096E-4,9.6391
55200,54725,260.221,-12.929,4.14426,5.54809,9.6385
55400,54921,259.670,-13.480,4.03857,5.41806,9.6379
55600,55118,259.120,-14.030,3.93537,5.29081,9.6373
55800,55314,258.570,-14.580,3.83460,5.16631,9.6367
56000,55511,258.019,-15.131,3.73621,5.04448,9.6361
56200,55707,257.469,-15.681,3.64014,4.92528,9.6355
56400,55904,256.919,-16.231,3.54636,4.80867,9.6349
56600,56100,256.369,-16.781,3.45480,4.69457,9.6343
56800,56297,255.819,-17.331,3.36543,4.58296,9.6337
57000,56493,255.268,-17.882,3.27818E-1,4.47377E-4,9.6331
57200,56690,254.718,-18.432,3.19302,4.36697,9.6325
57400,56886,254.168,-18.982,3.10991,4.26250,9.6319
57600,57083,253.618,-19.532,3.02879,4.16031,9.6313
57800,57279,253.068,-20.082,2.94962,4.06037,9.6307
58000,57476,252.518,-20.632,2.87236,3.96263,9.6301
58200,57672,251.969,-21.181,2.79696,3.86703,9.6295
58400,57868,251.419,-21.731,2.72339,3.77355,9.6289
58600,58065,250.869,-22.281,2.65161,3.68214,9.6283
58800,58261,250.319,-22.831,2.58157,3.59275,9.6277
59000,58457,249.769,-23.381,2.51323E-1,3.50535E-4,9.6271
59200,58654,249.220,-23.930,2.44657,3.41990,9.6265
59400,58850,248.670,-24.480,2.38153,3.33635,9.6259
59600,59046,248.120,-25.030,2.31809,3.25467,9.6253
59800,59243,247.571,-25.579,2.25621,3.17482,9.6247
60000,59439,247.021,-26.129,2.19586,3.09676,9.6241
60200,59635,246.471,-26.679,2.13699,3.02046,9.6235
60400,59831,245.922,-27.228,2.07958,2.94588,9.6229
60600,60028,245.372,-27.778,2.02359,2.87299,9.6223
60800,60224,244.823,-28.327,1.96899,2.80174,9.6217
61000,60420,244.273,-28.877,1.91574E-1,2.73212E-4,9.6211
61200,60616,243.724,-29.426,1.86383,2.66407,9.6205
61400,60813,243.175,-29.975,1.81322,2.59758,9.6199
61600,61009,242.625,-30.525,1.76387,2.53261,9.6193
61800,61205,242.076,-31.074,1.71576,2.46912,9.6187
62000,61401,241.527,-31.623,1.66886,2.40709,9.6181
62200,61597,240.978,-32.172,1.62314,2.34649,9.6175
62400,61793,240.428,-32.722,1.57858,2.28728,9.6169
62600,61990,239.879,-33.271,1.53515,2.22944,9.6163
62800,62186,239.330,-33.820,1.49282,2.17294,9.6157
63000,62382,238.781,-34.369,1.45156E-1,2.11774E-4,9.6151
63200,62578,238.232,-34.918,1.41136,2.06384,9.6145
63400,62774,237.683,-35.467,1.37218,2.01118,9.6139
63600,62970,237.134,-36.016,1.33401,1.95976,9.6133
63800,63166,236.585,-36.565,1.29682,1.90954,9.6127
64000,63362,236.036,-37.114,1.26058,1.86050,9.6121
64200,63558,235.487,-37.663,1.22527,1.81261,9.6115
64400,63754,234.939,-38.211,1.19088,1.76585,9.6109
64600,63950,234.390,-38.760,1.15738,1.72019,9.6103
64800,64146,233.841,-39.309,1.12475,1.67561,9.6097
65000,64342,233.292,-39.858,1.09297E-1,1.63209E-4,9.6091
65200,64538,232.744,-40.406,1.06201,1.58961,9.6085
65400,64734,232.195,-40.955,1.03186,1.54813,9.6079
65600,64930,231.646,-41.504,1.00251,1.50765,9.6073
65800,65126,231.098,-42.052,9.73921E-2,1.46814,9.6067
66000,65322,230.549,-42.601,9.46086,1.42957,9.6061
66200,65518,230.001,-43.149,9.18985,1.39193,9.6055
66400,65714,229.452,-43.698,8.92599,1.35520,9.6049
66600,65909,228.904,-44.246,8.66913,1.31935,9.6043
66800,66105,228.355,-44.795,8.41908,1.28437,9.6037
67000,66301,227.807,-45.343,8.17568E-2,1.25025E-4,9.6031
67200,66497,227.258,-45.892,7.93877,1.21695,9.6026
67400,66693,226.710,-46.440,7.70820,1.18446,9.6020
67600,66889,226.162,-46.988,7.48380,1.15277,9.6014
67800,67084,225.614,-47.536,7.26542,1.12185,9.6008
68000,67280,225.065,-48.085,7.05293,1.09169,9.6002
68200,67476,224.517,-48.633,6.84616,1.06227,9.5996
68400,67672,223.969,-49.181,6.64499,1.03358,9.5990
68600,67868,223.421,-49.729,6.44926,1.00560,9.5984
68800,68063,222.873,-50.277,6.25886,9.78309E-5,9.5978
69000,68259,222.325,-50.825,6.07364E-2,9.51698E-5,9.5972
69200,68455,221.777,-51.373,5.89347,9.25749,9.5966
69400,68650,221.229,-51.921,5.71824,9.00448,9.5960
69600,68846,220.681,-52.469,5.54780,8.75780,9.5954
69800,69042,220.133,-53.017,5.38206,8.51730,9.5948
70000,69238,219.585,-53.565,5.22088,8.28284,9.5942
70200,69433,219.037,-54.113,5.06415,8.05429,9.5936
70400,69629,218.489,-54.661,4.91176,7.83151,9.5930
70600,69824,217.941,-55.209,4.76360,7.61437,9.5924
70800,70020,217.394,-55.756,4.61957,7.40274,9.5918
71000,70216,216.846,-56.304,4.47955E-2,7.19649E-5,9.5912
71200,70411,216.298,-56.852,4.34344,6.99551,9.5906
71400,70607,215.751,-57.399,4.21115,6.79965,9.5900
71600,70802,215.203,-57.947,4.08258,6.60882,9.5894
71800,70998,214.655,-58.495,3.95762,6.42289,9.5888
72000,71194,214.263,-58.887,3.83624,6.23730,9.5882
72200,71389,213.872,-59.278,3.71837,6.05672,9.5876
72400,71585,213.481,-59.669,3.60393,5.88106,9.5870
72600,71780,213.090,-60.060,3.49281,5.71020,9.5864
72800,71976,212.699,-60.451,3.38494,5.54401,9.5858
73000,72171,212.308,-60.842,3.28021E-2,5.38238E-5,9.5852
73200,72367,211.917,-61.233,3.17854,5.22518,9.5846
73400,72562,211.526,-61.624,3.07986,5.07230,9.5840
73600,72758,211.135,-62.015,2.98406,4.92364,9.5834
73800,72953,210.744,-62.406,2.89109,4.77908,9.5829
74000,73148,210.353,-62.797,2.80085,4.63852,9.5823
74200,73344,209.962,-63.188,2.71327,4.50184,9.5817
74400,73539,209.571,-63.579,2.62828,4.36896,9.5811
74600,73735,209.181,-63.969,2.54581,4.23978,9.5805
74800,73930,208.790,-64.360,2.46579,4.11419,9.5799
75000,74125,208.399,-64.751,2.38814E-2,3.99210E-5,9.5793
75200,74321,208.008,-65.142,2.31280,3.87342,9.5787
75400,74516,207.618,-65.532,2.23971,3.75807,9.5781
75600,74711,207.227,-65.923,2.16880,3.64595,9.5775
75800,74907,206.837,-66.313,2.10001,3.53698,9.5769
76000,75102,206.445,-66.704,2.03329,3.43108,9.5763
76200,75297,206.055,-67.095,1.96856,3.32816,9.5757
76400,75493,205.665,-67.485,1.90579,3.22815,9.5751
76600,75688,205.274,-67.876,1.84481,3.13097,9.5745
76800,75883,204.884,-68.266,1.78586,3.03654,9.5739
77000,76078,204.493,-68.657,1.72860E-2,2.94479E-5,9.5733
77200,76274,204.103,-69.047,1.67308,2.85566,9.5727
77400,76469,203.712,-69.438,1.61924,2.76906,9.5721
77600,76664,203.322,-69.828,1.56704,2.68494,9.5715
77800,76859,202.931,-70.219,1.51643,2.60322,9.5709
78000,77054,202.541,-70.609,1.46737,2.52385,9.5703
78200,77250,202.151,-70.999,1.41980,2.44675,9.5698
78400,77445,201.760,-71.390,1.37369,2.37187,9.5692
78600,77640,201.370,-71.780,1.32900,2.29915,9.5686
78800,77835,200.980,-72.170,1.28568,2.22853,9.5680
79000,78030,200.590,-72.560,1.24370E-2,2.15995E-5,9.5674
79200,78225,200.199,-72.951,1.20301,2.09336,9.5668
79400,78420,199.809,-73.341,1.16358,2.02870,9.5662
79600,78616,199.419,-73.731,1.12537,1.96592,9.5656
79800,78811,199.029,-74.121,1.08834,1.90497,9.5650
80000,79006,198.639,-74.511,1.05247,1.84580,9.5644