altitude,temperature,pressure,density
-5000,320.6755834361656,177761.7483311362,1.9311255962362086
-4950,320.35007412840673,176815.24022777283,1.9227949260202783
-4900,320.02456994527273,175873.00819309326,1.9144938260881441
-4850,319.6990708866427,174934.8607681976,1.9062203008828658
-4800,319.3735769523955,174000.78429903294,1.897974286177877
-4750,319.0480881424102,173070.7651637089,1.8897557178330302
-4700,318.72260445656576,172144.7897724515,1.881564531794546
-4650,318.3971258947412,171222.84456756056,1.8734006640949954
-4600,318.0716524568155,170304.9160233645,1.865264050853261
-4550,317.7461841426677,169390.99064617537,1.857154628274495
-4500,317.42072095217674,168481.05497424564,1.8490723326500964
-4450,317.0952628852217,167575.09557772308,1.8410171003576707
-4400,316.76980994168156,166673.0990586066,1.8329888678609942
-4350,316.44436212143535,165775.05205070242,1.8249875717099893
-4300,316.1189194243621,164880.94121957905,1.8170131485406777
-4250,315.79348185034087,163990.75326252318,1.8090655350751519
-4200,315.4680493992506,163104.4749084961,1.801144668121545
-4150,315.14262207097045,162222.09291808866,1.7932504845739892
-4100,314.81719986537934,161343.59408347766,1.785382921412588
-4050,314.4917827823564,160468.96522838145,1.77754191570338
-4000,314.1663708217806,159598.19320801555,1.7697274045983
-3950,313.8409639835311,158731.26490904874,1.7619393253351496
-3900,313.5155622674868,157868.16724955925,1.7541776152375654
-3850,313.1901656735269,157008.88717898997,1.7464422117149776
-3800,312.8647742015304,156153.41167810495,1.7387330522625812
-3750,312.5393878513764,155301.7277589449,1.7310500744612978
-3700,312.21400662294394,154453.8224647838,1.7233932159777474
-3650,311.8886305161121,153609.6828700842,1.715762414564209
-3600,311.5632595307599,152769.29608045353,1.7081576080585856
-3550,311.2378936667665,151932.64923260018,1.7005787343843741
-3500,310.91253292401103,151099.72949428926,1.6930257315506259
-3450,310.5871773023725,150270.52406429907,1.6854985376519185
-3400,310.26182680172997,149445.02017237694,1.6779970908683168
-3350,309.9364814219626,148623.20507919535,1.6705213294653405
-3300,309.6111411629495,147805.066076308,1.6630711917939272
-3250,309.2858060245697,146990.5904861062,1.655646616290403
-3200,308.9604760067024,146179.76566177487,1.6482475414764455
-3150,308.6351511092266,145372.57898724845,1.6408739059590443
-3100,308.30983133202153,144569.01787716796,1.6335256484304794
-3050,307.98451667496624,143769.06977683582,1.6262027076682688
-3000,307.6592071379399,142972.72216217383,1.6189050225351538
-2950,307.3339027208216,142179.96253967797,1.6116325319790492
-2900,307.0086034234905,141390.77844637545,1.6043851750330167
-2850,306.6833092458257,140605.1574497806,1.5971628908152251
-2800,306.35802018770636,139823.0871478521,1.5899656185289266
-2750,306.03273624901163,139044.55516894764,1.5827932974624044
-2700,305.7074574296206,138269.5491717823,1.5756458669889586
-2650,305.38218372941253,137498.05684538328,1.5685232665668543
-2600,305.0569151482665,136730.06590904723,1.561425435739298
-2550,304.73165168606164,135965.5641122964,1.554352314134399
-2500,304.4063933426772,135204.5392348351,1.547303841465135
-2450,304.0811401179922,134446.97908650636,1.5402799575293202
-2400,303.755892011886,133692.871507248,1.5332806022095657
-2350,303.4306490242376,132942.20436704953,1.5263057154732496
-2300,303.1054111549263,132194.9655659085,1.5193552373724792
-2250,302.7801784038312,131451.143033787,1.5124291080440584
-2200,302.45495077083154,130710.72473056873,1.5055272677094558
-2150,302.12972825580647,129973.69864601473,1.4986496566747622
-2100,301.8045108586352,129240.05279972062,1.4917962153306628
-2050,301.4792985791969,128509.77524107315,1.4849668841524004
-2000,301.1540914173708,127782.85404920684,1.478161603699743
-1950,300.82888937303613,127059.27733296024,1.4713803146169415
-1900,300.503692446072,126339.03323083345,1.4646229576327077
-1850,300.17850063635774,125622.10991094395,1.457889473560166
-1800,299.85331394377243,124908.49557098412,1.4511798032968313
-1750,299.52813236819543,124198.17843817733,1.444493887824563
-1700,299.2029559095059,123491.14676923511,1.4378316682095384
-1650,298.87778456758303,122787.3888503138,1.4311930856022137
-1600,298.55261834230606,122086.89299697168,1.4245780812372943
-1550,298.2274572335543,121389.64755412511,1.4179865964336908
-1500,297.9023012412069,120695.64089600615,1.4114185725944948
-1450,297.5771503651431,120004.8614261189,1.404873951206936
-1400,297.25200460524223,119317.29757719692,1.3983526738423548
-1350,296.92686396138345,118632.93781115951,1.39185468215616
-1300,296.60172843344606,117951.77061906917,1.385379917887799
-1250,296.2765980213093,117273.78452108828,1.378928322860721
-1200,295.95147272485247,116598.96806643614,1.3724998389823428
-1150,295.6263525439548,115927.30983334614,1.3660944082440147
-1100,295.3012374784955,115258.79842902244,1.3597119727209834
-1050,294.97612752835397,114593.42248959749,1.3533524745723609
-1000,294.6510226934094,113931.17068008862,1.3470158560410854
-950,294.3259229735411,113272.03169435542,1.3407020594538905
-900,294.0008283686283,112615.99425505646,1.3344110272212644
-850,293.6757388785503,111963.04711360711,1.3281427018374232
-800,293.35065450318643,111313.17905013617,1.3218970258802714
-750,293.025575242416,110666.3788734427,1.3156739420113612
-700,292.7005010961182,110022.63542095435,1.309473392975873
-650,292.3754320641725,109381.93755868339,1.3032953216025651
-600,292.0503681464581,108744.27418118436,1.2971396708037444
-550,291.7253093428543,108109.63421151171,1.2910063835752363
-500,291.40025565324044,107478.00660117636,1.2848954029963406
-450,291.0752070774958,106849.38033010361,1.2788066722298048
-400,290.7501636154998,106223.74440658999,1.272740134521783
-350,290.42512526713165,105601.08786726082,1.2666957332018038
-300,290.10009203227077,104981.39977702769,1.2606734116827374
-250,289.7750639107964,104364.66922904528,1.254673113460753
-200,289.45004090258794,103750.8853446697,1.2486947821152963
-150,289.12502300752476,103140.03727341465,1.2427383613090384
-100,288.8000102254861,102532.11419291016,1.2368037947878574
-50,288.4750025563514,101927.10530885888,1.2308910263807882
0,288.15,101324.9998549945,1.225
50,287.82500255631123,100725.88598238876,1.2191318565441696
100,287.50001022516443,100129.55461655016,1.213284140543689
150,287.175023006439,99536.09455267647,1.20745799882559
200,286.8500409000143,98945.49513618866,1.2016533756341532
250,286.5250639057696,98357.74574032551,1.1958702152966056
300,286.2000920235845,97772.83576610194,1.1901084622230949
350,285.8751252533382,97190.75464226637,1.184368060906652
400,285.55016359491003,96611.49182525845,1.178648955923156
450,285.2252070481796,96035.03679916653,1.1729510919312973
500,284.9002556130261,95461.3790756856,1.1672744136725457
550,284.575309289329,94890.50819407462,1.161618865971109
600,284.25036807696773,94322.41372111464,1.1559843937339067
650,283.92543197582165,93757.08525106627,1.150370941950526
700,283.6005009857701,93194.5124056277,1.1447784556931948
750,283.2755751066926,92634.684833892,1.139206880116737
800,282.95065433846855,92077.59221230565,1.133656160458548
850,282.6257386809773,91523.22424462551,1.1281262420385487
900,282.30082813409825,90971.57066187735,1.1226170702591585
950,281.9759226977109,90422.62122231344,1.117128590605255
1000,281.6510223716947,89876.36571137034,1.1116607486441417
1050,281.32612715592904,89332.79394162708,1.1062134900255114
1100,281.0012370502933,88791.89575276269,1.100786760481409
1150,280.67635205466695,88253.66101151468,1.0953805058262014
1200,280.3514721689295,87718.07961163628,1.0899946719565334
1250,280.0265973929603,87185.14147385521,1.0846292048513029
1300,279.70172772663886,86654.8365458312,1.0792840505716175
1350,279.3768631698447,86127.15480211414,1.0739591552607626
1400,279.0520037224571,85602.08624410196,1.0686544651441634
1450,278.7271493843556,85079.62089999916,1.0633699265293541
1500,278.40230015541977,84559.74882477436,1.0581054858059364
1550,278.0774560355289,84042.46010011887,1.0528610894455517
1600,277.7526170245626,83527.74483440441,1.0476366840018358
1650,277.4277831224003,83015.59316264148,1.0424322161103914
1700,277.1029543289215,82505.9952464375,1.0372476324887483
1750,276.7781306440056,81998.94127395522,1.0320828799363335
1800,276.45331206753224,81494.4214598704,1.026937905334426
1850,276.12849859938075,80992.42604533068,1.021812655646132
1900,275.8036902394307,80492.94529791315,1.0167070779163394
1950,275.4788869875616,79995.96951158337,1.0116211192716913
2000,275.15408884365297,79501.48900665299,1.0065547269205424
2050,274.8292958075843,79009.49412973862,1.0015078481529307
2100,274.50450787923506,78519.97525371968,0.9964804303405352
2150,274.1797250584848,78032.92277769715,0.9914724209366454
2200,273.854947345213,77548.3271269517,0.9864837674761227
2250,273.5301747392993,77066.17875290224,0.9815144175753655
2300,273.20540724062306,76586.46813306428,0.9765643189322751
2350,272.8806448490639,76109.18577100836,0.9716334193262178
2400,272.5558875645014,75634.3221963184,0.9667216666179884
2450,272.23113538681497,75161.86796455052,0.9618290087497792
2500,271.90638831588427,74691.8136571911,0.9569553937451378
2550,271.58164635158874,74224.14988161577,0.9521007697089384
2600,271.25690949380805,73758.86727104751,0.9472650848273395
2650,270.93217774242163,73295.95648451545,0.9424482873677519
2700,270.60745109730914,72835.40820681356,0.9376503256788025
2750,270.28272955835007,72377.213148459,0.9328711481902981
2800,269.958013125424,71921.36204565085,0.9281107034131885
2850,269.63330179841046,71467.84566022885,0.9233689399395325
2900,269.3085955771891,71016.65477963201,0.9186458064424616
2950,268.98389446163947,70567.78021685721,0.9139412516761436
3000,268.65919845164115,70121.21281041802,0.9092552244757464
3050,268.3345075470737,69676.9434243034,0.9045876737574031
3100,268.0098217478167,69234.96294793641,0.8999385485181753
3150,267.68514105374976,68795.26229613318,0.8953077978360202
3200,267.3604654647525,68357.83240906127,0.8906953708697471
3250,267.03579498070445,67922.66425219894,0.88610121685899
3300,266.71112960148525,67489.74881629391,0.8815252851241692
3350,266.3864693269745,67059.07711732181,0.8769675250664497
3400,266.0618141570519,66630.64019644566,0.8724278861677145
3450,265.73716409159687,66204.4291199742,0.8679063179905203
3500,265.4125191304892,65780.43497932129,0.8634027701780671
3550,265.08787927360845,65358.64889096457,0.8589171924541602
3600,264.7632445208342,64939.06199640442,0.8544495346231729
3650,264.4386148720461,64521.66546212307,0.849999746570012
3700,264.1139903271238,64106.45047954352,0.8455677782600823
3750,263.789370885947,63693.40826498852,0.8411535797392478
3800,263.4647565483952,63282.53005963977,0.8367571011337992
3850,263.14014731434816,62873.80712949682,0.8323782926504145
3900,262.81554318368546,62467.230765336324,0.828017104576127
3950,262.4909441562868,62062.79228267091,0.823673487278283
4000,262.1663502320318,61660.48302170849,0.8193473912045114
4050,261.84176141080013,61260.29434731146,0.8150387668826854
4100,261.5171776924714,60862.21764895559,0.8107475649208848
4150,261.1925990769254,60466.244340689474,0.8064737360073616
4200,260.86802556404166,60072.36586109374,0.802217230910505
4250,260.5434571537,59680.57367324015,0.7979780004788021
4300,260.2188938457799,59290.859264650855,0.7937559956408038
4350,259.8943356401613,58903.21414725776,0.7895511674050869
4400,259.5697825367236,58517.62985736171,0.7853634668602195
4450,259.2452345353467,58134.09795559204,0.7811928451747249
4500,258.9206916359102,57752.61002686558,0.7770392535970428
4550,258.59615383829384,57373.15768034621,0.7729026434554952
4600,258.2716211423773,56995.73254940423,0.76878296615825
4650,257.94709354804024,56620.3262915758,0.7646801731932843
4700,257.62257105516244,56246.93058852215,0.7605942161283463
4750,257.2980536636236,55875.5371459892,0.7565250466109211
4800,256.97354137330336,55506.137693767094,0.7524726163681952
4850,256.64903418408153,55138.72398564948,0.7484368772070166
4900,256.3245320958378,54773.28779939315,0.7444177810138616
4950,256.00003510845187,54409.82093667749,0.7404152797547965
5000,255.6755432218035,54048.31522306404,0.736429325475441
5050,255.35105643577242,53688.762507956184,0.7324598703009344
5100,255.02657475023838,53331.154664558504,0.7285068664358948
5150,254.70209816508108,52975.48358983657,0.7245702661643861
5200,254.3776266801803,52621.74120447663,0.7206500218498819
5250,254.0531602954158,52269.91945284502,0.716746085935225
5300,253.7286990106673,51920.01030294795,0.7128584109425935
5350,253.40424282581455,51572.00574639136,0.7089869494734657
5400,253.07979174073736,51225.897798340324,0.7051316542085798
5450,252.75534575531543,50881.67849747905,0.7012924779079002
5500,252.43090486942862,50539.339905970526,0.69746937341058
5550,252.10646908295658,50198.87410941631,0.6936622936349248
5600,251.78203839577918,49860.273216816255,0.6898711915783535
5650,251.45761280777617,49523.52936052848,0.6860960203173662
5700,251.13319231882733,49188.634696229106,0.6823367330075033
5750,250.80877692881245,48855.58140287218,0.678593282883312
5800,250.48436663761132,48524.361682649476,0.674865623258307
5850,250.1599614451037,48194.96776095045,0.6711537075249352
5900,249.83556135116947,47867.39188632209,0.6674574891545376
5950,249.51116635568837,47541.626330429084,0.6637769216973156
6000,249.1867764585402,47217.66338801352,0.6601119587822906
6050,248.8623916596048,46895.49537685504,0.6564625541172695
6100,248.53801195876198,46575.114637730694,0.6528286614888058
6150,248.21363735589154,46256.51353437528,0.6492102347621671
6200,247.88926785087332,45939.684453440954,0.6456072278812914
6250,247.56490344358713,45624.619804457725,0.6420195948687575
6300,247.2405441339128,45311.31201979322,0.638447289825742
6350,246.91618992173017,44999.75355461304,0.6348902669319869
6400,246.59184080691907,44689.936886840784,0.6313484804457606
6450,246.26749678935934,44381.8545171182,0.6278218847038208
6500,245.94315786893083,44075.49896876537,0.6243104341213784
6550,245.61882404551338,43770.862787740945,0.6208140831920596
6600,245.29449531898683,43467.93854260235,0.6173327864878698
6650,244.97017168923108,43166.71882446601,0.6138664986591564
6700,244.64585315612592,42867.19624696763,0.6104151744345717
6750,244.32153971955128,42569.36344622246,0.6069787686210347
6800,243.99723137938696,42273.21308078564,0.6035572361036967
6850,243.6729281355129,41978.737831612496,0.6001505318459015
6900,243.34862998780892,41685.93040201891,0.5967586108891505
6950,243.02433693615492,41394.783517641656,0.5933814283530635
7000,242.70004898043078,41105.2899263988,0.5900189394353433
7050,242.37576612051637,40817.442398450155,0.5866710994117378
7100,242.0514883562916,40531.233726157596,0.5833378636360018
7150,241.72721568763635,40246.65672404579,0.5800191875398637
7200,241.40294811443053,39963.704228762246,0.5767150266329822
7250,241.07868563655404,39682.3690990382,0.5734253365029146
7300,240.75442825388674,39402.644215648965,0.5701500728150772
7350,240.4301759663086,39124.52248137443,0.5668891913127073
7400,240.1059287736995,38847.99682095974,0.5636426478168278
7450,239.78168667593934,38573.0601810758,0.5604103982262089
7500,239.45744967290807,38299.705530279905,0.5571923985173307
7550,239.1332177644856,38027.925858976254,0.5539886047443447
7600,238.80899095055187,37757.71417937691,0.5507989730390414
7650,238.48476923098679,37489.063525462014,0.547623459610805
7700,238.16055260567032,37221.966952940944,0.5444620207465843
7750,237.83634107448233,36956.4175392126,0.5413146128108485
7800,237.51213463730284,36692.408383326445,0.5381811922455539
7850,237.18793329401177,36429.93260594316,0.5350617155701058
7900,236.86373704448906,36168.98334929535,0.5319561393813194
7950,236.53954588861467,35909.55377714838,0.5288644203533838
8000,236.21535982626855,35651.637074761275,0.5257865152378243
8050,235.8911788573307,35395.226448847454,0.5227223808634648
8100,235.56700298168101,35140.315127535636,0.5196719741363901
8150,235.24283219919948,34886.89636033069,0.5166352520399082
8200,234.91866650976613,34634.96341807458,0.5136121716345133
8250,234.59450591326086,34384.50959290728,0.510602690057848
8300,234.27035040956372,34135.52819822769,0.507606764524665
8350,233.94619999855462,33888.01256865459,0.5046243523267906
8400,233.6220546801136,33641.956059987744,0.5016554108330867
8450,233.29791445412064,33397.35204916878,0.49869989748941285
8500,232.97377932045575,33154.19393424228,0.4957577698185885
8550,232.64964927899888,32912.475134316795,0.4928289854203557
8600,232.32552432963007,32672.189089525946,0.48991350197134076
8650,232.0014044722293,32433.329260989554,0.48701127722501747
8700,231.67728970667662,32195.88913077472,0.48412226901166894
8750,231.353180032852,31959.862201856962,0.4812464352383495
8800,231.0290754506355,31725.241998081336,0.4783837338888465
8850,230.7049759599071,31492.022064123736,0.47553412302364423
8900,230.38088156054687,31260.19596545196,0.472697560779884
8950,230.05679225243478,31029.757288287023,0.46987400537132756
9000,229.73270803545088,30800.69963956441,0.4670634150883194
9050,229.40862890947523,30573.016646895274,0.4642657482977479
9100,229.0845548743879,30346.701958527807,0.46148096344300826
9150,228.76048593006882,30121.749243308423,0.45870901904396316
9200,228.43642207639815,29898.152190643257,0.4559498736969068
9250,228.1123633132559,29675.904510459437,0.45320348607452615
9300,227.7883096405221,29454.999933166408,0.45046981492586197
9350,227.46426105807686,29235.43220961747,0.4477488190762726
9400,227.1402175658002,29017.195111070992,0.4450404574273935
9450,226.81617916357223,28800.282429152103,0.44234468895710244
9500,226.49214585127297,28584.687975813904,0.43966147271947786
9550,226.16811762878248,28370.40558329911,0.43699076784476315
9600,225.84409449598093,28157.429104101593,0.4343325335393288
9650,225.5200764527483,27945.752410927733,0.43168672908563244
9700,225.19606349896475,27735.369396658083,0.4290533138421813
9750,224.8720556345103,27526.273974308966,0.4264322472434953
9800,224.5480528592651,27318.460076993986,0.42382348880006726
9850,224.22405517310924,27111.92165788567,0.42122699809832514
9900,223.9000625759228,26906.652690177172,0.4186427348005951
9950,223.57607506758586,26702.647167043822,0.4160706586450611
10000,223.2520926479786,26499.899101604857,0.41351072944572764
10050,222.92811531698106,26298.402526885082,0.4109629070923813
10100,222.60414307447337,26098.151495776754,0.40842715155055415
10150,222.2801759203357,25899.140081001027,0.4059034228614811
10200,221.9562138544481,25701.362375070046,0.4033916811420671
10250,221.63225687669075,25504.812490248507,0.40089188658484415
10300,221.30830498694377,25309.484558515505,0.3984039994579346
10350,220.98435818508727,25115.37273152649,0.39592798010501395
10400,220.66041647100138,24922.471180574907,0.39346378894526957
10450,220.3364798445663,24730.774096554338,0.3910113864733658
10500,220.0125483056621,24540.27568992013,0.38857073325940195
10550,219.688621854169,24350.97019065146,0.38614178994887544
10600,219.36470048996713,24162.851848213337,0.38372451726264484
10650,219.04078421293661,23975.914931518353,0.3813188759968875
10700,218.71687302295766,23790.15372888886,0.3789248270230643
10750,218.39296691991038,23605.562548018923,0.37654233128788006
10800,218.06906590367498,23422.135715936227,0.3741713498132432
10850,217.7451699741316,23239.867578964353,0.3718118436962305
10900,217.42127913116047,23058.75250268464,0.3694637741090452
10950,217.0973933746417,22878.78487189841,0.3671271022989804
11000,216.77351270445556,22699.959090588975,0.36480178958837867
11050,216.65,22522.251182062737,0.3621522644969666
11100,216.65,22345.986661261144,0.35931797431687973
11150,216.65,22171.104364300045,0.35650590995648695
11200,216.65,21997.593430683894,0.35371589678168863
11250,216.65,21825.4430854191,0.35094776153323565
11300,216.65,21654.642638339617,0.3482013323158849
11350,216.65,21485.181483437773,0.3454764385876393
11400,216.65,21317.049098200427,0.3427729111490734
11450,216.65,21150.235042950408,0.3400905821327435
11500,216.65,20984.7289601931,0.33742928499268154
11550,216.65,20820.52057396823,0.3347888544939714
11600,216.65,20657.599689206774,0.33216912670240845
11650,216.65,20495.956191092922,0.32956993897424014
11700,216.65,20335.580044431113,0.3269911299459877
11750,216.65,20176.461293018045,0.32443253952434875
11800,216.65,20018.59005901969,0.3218940088761794
11850,216.65,19861.95654235319,0.3193753804185555
11900,216.65,19706.551020073646,0.3168764978089124
11950,216.65,19552.36384576578,0.3143972059352628
12000,216.65,19399.385448940357,0.3119373509064918
12050,216.65,19247.60633443544,0.3094967800427285
12100,216.65,19097.01708182229,0.3070753418657939
12150,216.65,18947.60834481606,0.3046728860897242
12200,216.65,18799.370850691077,0.3022892636113694
12250,216.65,18652.29539970073,0.2999243265010646
12300,216.65,18506.372864502042,0.29757792799337757
12350,216.65,18361.59418958465,0.2952499224779271
12400,216.65,18217.950390704424,0.2929401654902752
12450,216.65,18075.432554321455,0.2906485137028905
12500,216.65,17934.031837042585,0.28837482491618427
12550,216.65,17793.73946506824,0.28611895804961524
12600,216.65,17654.546733643725,0.2838807731328671
12650,216.65,17516.445006514772,0.2816601312970934
12700,216.65,17379.425715387468,0.27945689476623353
12750,216.65,17243.48035939237,0.2772709268483959
12800,216.65,17108.600504552935,0.27510209192731006
12850,216.65,16974.777783258076,0.27295025545384605
12900,216.65,16842.003893738933,0.2708152839376007
12950,216.65,16710.270599549774,0.2686970449385505
13000,216.65,16579.569729052946,0.26659540705877016
13050,216.65,16449.89317490797,0.26451023993421696
13100,216.65,16321.23289356463,0.26244141422658
13150,216.65,16193.580904760045,0.2603888016151933
13200,216.65,16066.929291019771,0.2583522747890133
13250,216.65,15941.270197162794,0.2563317074386596
13300,216.65,15816.59582981046,0.2543269742485185
13350,216.65,15692.898456899266,0.2523379508889091
13400,216.65,15570.170407197525,0.2503645140083108
13450,216.65,15448.404069825818,0.24840654122565278
13500,216.65,15327.591893781248,0.2464639111226641
13550,216.65,15207.726387465465,0.24453650323628423
13600,216.65,15088.80011821639,0.2426241980511334
13650,216.65,14970.805711843672,0.24072687699204282
13700,216.65,14853.73585216776,0.2388444224166432
13750,216.65,14737.583280562689,0.23697671760801267
13800,216.65,14622.340795502425,0.23512364676738234
13850,216.65,14508.00125211078,0.23328509500689884
13900,216.65,14394.557561714957,0.2314609483424455
13950,216.65,14282.002691402524,0.22965109368651865
14000,216.65,14170.329663581955,0.22785541884116123
14050,216.65,14059.531555546626,0.22607381249095182
14100,216.65,13949.601499042232,0.22430616419604904
14150,216.65,13840.532679837652,0.22255236438529089
14200,216.65,13732.31833729917,0.2208123043493486
14250,216.65,13624.951763968087,0.2190858762339345
14300,216.65,13518.42630514166,0.21737297303306383
14350,216.65,13412.73535845733,0.215673488582369
14400,216.65,13307.87237348027,0.21398731755246775
14450,216.65,13203.83085129415,0.21231435544238245
14500,216.65,13100.604344095162,0.21065449857301233
14550,216.65,12998.18645478925,0.20900764408065697
14600,216.65,12896.57083659249,0.20737368991059052
14650,216.65,12795.751192634661,0.20575253481068717
14700,216.65,12695.721275565935,0.20414407832509684
14750,216.65,12596.474887166654,0.2025482207879706
14800,216.65,12498.005877960217,0.20096486331723584
14850,216.65,12400.308146828991,0.19939390780842028
14900,216.65,12303.375640633301,0.1978352569285254
14950,216.65,12207.20235383337,0.1962888141099474
15000,216.65,12111.782328114281,0.19475448354444652
15050,216.65,12017.10965201391,0.19323217017716451
15100,216.65,11923.178460553752,0.19172177970068824
15150,216.65,11829.982934872702,0.190223218549161
15200,216.65,11737.517301863712,0.18873639389244015
15250,216.65,11645.775833813308,0.18726121363030052
15300,216.65,11554.752848043976,0.18579758638668412
15350,216.65,11464.442706559339,0.18434542150399466
15400,216.65,11374.839815692163,0.18290462903743757
15450,216.65,11285.938625755123,0.18147511974940445
15500,216.65,11197.733630694353,0.1800568051039021
15550,216.65,11110.219367745682,0.1786495972610251
15600,216.65,11023.390417093626,0.17725340907147233
15650,216.65,10937.241401533072,0.17586815407110687
15700,216.65,10851.766986133589,0.17449374647555843
15750,216.65,10766.961877906446,0.17313010117486885
15800,216.65,10682.820825474204,0.17177713372817938
15850,216.65,10599.338618742964,0.17043476035846042
15900,216.65,10516.510088577175,0.16910289794728253
15950,216.65,10434.330106477002,0.16778146402962865
16000,216.65,10352.79358425825,0.16647037678874727
16050,216.65,10271.895473734841,0.16516955505104675
16100,216.65,10191.630766403741,0.16387891828102907
16150,216.65,10111.994493132424,0.16259838657626433
16200,216.65,10032.981723848763,0.1613278806624042
16250,216.65,9954.587567233417,0.1600673218882356
16300,216.65,9876.807170414584,0.15881663222077258
16350,216.65,9799.635718665217,0.1575757342403873
16400,216.65,9723.068435102592,0.15634455113597942
16450,216.65,9647.100580390277,0.15512300670018375
16500,216.65,9571.727452442434,0.15391102532461545
16550,216.65,9496.944386130437,0.15270853199515264
16600,216.65,9422.746752991865,0.15151545228725694
16650,216.65,9349.129960941718,0.15033171236133
16700,216.65,9276.089453985966,0.14915723895810737
16750,216.65,9203.620711937321,0.14799195939408824
16800,216.65,9131.719250133294,0.14683580155700182
16850,216.65,9060.380619156427,0.14568869390130879
16900,216.65,8989.60040455676,0.14455056544373857
16950,216.65,8919.37422657651,0.1434213457588622
17000,216.65,8849.697739876863,0.14230096497469946
17050,216.65,8780.56663326697,0.14118935376836084
17100,216.65,8711.97662943508,0.1400864433617245
17150,216.65,8643.92348468175,0.13899216551714624
17200,216.65,8576.402988655216,0.13790645253320427
17250,216.65,8509.410964088824,0.13682923724047732
17300,216.65,8442.943266540513,0.1357604529973555
17350,216.65,8376.995784134398,0.13470003368588504
17400,216.65,8311.564437304367,0.13364791370764526
17450,216.65,8246.645178539686,0.13260402797965826
17500,216.65,8182.233992132629,0.13156831193033058
17550,216.65,8118.326893928129,0.13054070149542776
17600,216.65,8054.91993107532,0.12952113311407928
17650,216.65,7992.00918178113,0.1285095437248162
17700,216.65,7929.590755065757,0.12750587076163955
17750,216.65,7867.660790520109,0.12651005215011968
17800,216.65,7806.215458065138,0.1255220263035267
17850,216.65,7745.2509577130695,0.12454173211899106
17900,216.65,7684.763519330524,0.12356910897369439
17950,216.65,7624.749402403534,0.1226040967210913
18000,216.65,7565.204895804339,0.12164663568715933
18050,216.65,7506.126317560105,0.12069666666668014
18100,216.65,7447.510014623419,0.11975413091954898
18150,216.65,7389.352362644601,0.11881897016711365
18200,216.65,7331.649765745818,0.1178911265885422
18250,216.65,7274.398656296981,0.11697054281721952
18300,216.65,7217.595494693395,0.11605716193717192
18350,216.65,7161.236769135197,0.11515092747952055
18400,216.65,7105.318995408482,0.11425178341896203
18450,216.65,7049.8387166681905,0.11335967417027727
18500,216.65,6994.792503222715,0.11247454458486801
18550,216.65,6940.176952320179,0.11159633994732027
18600,216.65,6885.988687936408,0.1107250059719949
18650,216.65,6832.224360564588,0.10986048879964545
18700,216.65,6778.880647006567,0.10900273499406227
18750,216.65,6725.954250165814,0.10815169153874332
18800,216.65,6673.441898841983,0.10730730583359091
18850,216.65,6621.340347527148,0.10646952569163513
18900,216.65,6569.646376203591,0.10563829933578232
18950,216.65,6518.35679014322,0.10481357539558984
19000,216.65,6467.468419708551,0.10399530290406585
19050,216.65,6416.9781201552705,0.10318343129449453
19100,216.65,6366.882771436342,0.10237791039728628
19150,216.65,6317.1792780076685,0.10157869043685265
19200,216.65,6267.864568635278,0.10078572202850612
19250,216.65,6218.935596204044,0.09999895617538423
19300,216.65,6170.389337527893,0.09921834426539783
19350,216.65,6122.222793161525,0.09844383806820356
19400,216.65,6074.432987213614,0.09767538973220016
19450,216.65,6027.016967161472,0.09691295178154836
19500,216.65,5979.9718036671975,0.09615647711321455
19550,216.65,5933.294590395235,0.0954059189940372
19600,216.65,5886.982443831424,0.09466123105781715
19650,216.65,5841.0325031034145,0.09392236730243009
19700,216.65,5795.441929802562,0.09318928208696245
19750,216.65,5750.207907807171,0.09246193012886941
19800,216.65,5705.327643107168,0.09174026650115559
19850,216.65,5660.7983636301315,0.09102424662957763
19900,216.65,5616.617319068719,0.09031382628986931
19950,216.65,5572.781780709432,0.08960896160498813
20000,216.65,5529.28904126275,0.08890960904238389
20050,216.65,5486.13641469458,0.08821572541128837
20100,216.68664442690186,5443.30871410585,0.08751226458633629
20150,216.73632933223521,5400.840442574327,0.08680959579693182
20200,216.78601345843776,5358.713783805089,0.0861127390073775
20250,216.83569680552785,5316.925907395681,0.08542164474179888
20300,216.88537937352382,5275.474007076584,0.08473626395741189
20350,216.93506116244396,5234.355300499791,0.08405654804062994
20400,216.98474217230665,5193.567029028938,0.08338244880320132
20450,217.03442240313015,5153.10645753169,0.08271391847838837
20500,217.0841018549328,5112.970874173734,0.0820509097171773
20550,217.133780527733,5073.157590214837,0.0813933755845266
20600,217.18345842154898,5033.663939806524,0.08074126955564676
20650,217.23313553639906,4994.487279791696,0.08009454551231593
20700,217.28281187230164,4955.624989506111,0.07945315773923056
20750,217.33248742927498,4917.074470581503,0.0788170609203876
20800,217.38216220733742,4878.83314675059,0.07818621013550164
20850,217.43183620650726,4840.898463653724,0.07756056085645352
20900,217.48150942680286,4803.267888647444,0.07694006894377403
20950,217.5311818682425,4765.938910614529,0.07632469064315686
21000,217.5808535308445,4728.909039775985,0.07571438258200694
21050,217.63052441462722,4692.175807504485,0.07510910176601708
21100,217.6801945196089,4655.736766139772,0.07450880557578045
21150,217.72986384580796,4619.58948880537,0.0739134517634289
21200,217.77953239324262,4583.731569227307,0.07332299844930801
21250,217.82920016193123,4548.1606215541215,0.0727374041186771
21300,217.87886715189214,4512.8742801787275,0.07215662761844363
21350,217.9285333631436,4477.8701995618185,0.07158062815392673
21400,217.97819879570397,4443.146054056745,0.07100936528564851
21450,218.02786344959156,4408.699537736107,0.07044279892615742
21500,218.07752732482464,4374.528364219783,0.06988088933687876
21550,218.12719042142157,4340.630266504638,0.06932359712499643
21600,218.17685273940066,4307.0029967956025,0.06877088324036065
21650,218.2265142787802,4273.644326338354,0.06822270897242583
21700,218.27617503957848,4240.552045253426,0.06767903594721511
21750,218.32583502181384,4207.723962371993,0.06713982612431602
21800,218.3754942255046,4175.157905072811,0.06660504179389845
21850,218.42515265066905,4142.851719120898,0.06607464557376484
21900,218.4748102973255,4110.8032685075095,0.0655486004064246
21950,218.52446716549224,4079.0104352915937,0.06502686955619652
22000,218.5741232551876,4047.471119442638,0.06450941660633705
22050,218.62377856642988,4016.1832386849314,0.06399620545619522
22100,218.6734330992374,3985.1447283432417,0.06348720031839397
22150,218.72308685362842,3954.3535411898574,0.06298236571603703
22200,218.7727398296213,3923.8076472929342,0.0624816664799404
22250,218.8223920272343,3893.505033866302,0.061985067745890896
22300,218.87204344648575,3863.443705120553,0.061492534951928864
22350,218.92169408739394,3833.6216821154226,0.061004033835655065
22400,218.97134394997715,3804.0370026135747,0.06051953043156375
22450,219.02099303425373,3774.6877209356303,0.06003899106839895
22500,219.07064134024196,3745.5719078165152,0.05956238236653558
22550,219.12028886796014,3716.687650263039,0.059089671235383466
22600,219.16993561742657,3688.0330514128336,0.05862082487081673
22650,219.21958158865954,3659.6062303944427,0.058155810752624854
22700,219.26922678167733,3631.4053221887802,0.05769459664198896
22750,219.3188711964983,3603.4284774916546,0.05723715057897856
22800,219.3685148331407,3575.6738625777293,0.05678344088007443
22850,219.4181576916228,3548.1396591654816,0.05633343613571077
22900,219.46779977196297,3520.8240642835335,0.05588710520784247
22950,219.5174410741795,3493.725290138071,0.05544441722753299
23000,219.5670815982906,3466.8415639814316,0.05500534159256398
23050,219.61672134431464,3440.171127982014,0.054569847965069286
23100,219.6663603122699,3413.712239095088,0.05413790626918627
23150,219.71599850217464,3387.4631689350276,0.05370948668873302
23200,219.7656359140472,3361.4222036484466,0.053284559664903
23250,219.81527254790583,3335.5876437886454,0.0528630958939836
23300,219.86490840376888,3309.9578041910254,0.05244506632509309
23350,219.91454348165456,3284.5310138496866,0.05203044215793952
23400,219.96417778158124,3259.3056157951605,0.051619194840600464
23450,220.01381130356717,3234.2799669731276,0.051211296067321554
23500,220.0634440476306,3209.4524381242436,0.05080671777633542
23550,220.1130760137899,3184.821413665102,0.05040543214770165
23600,220.16270720206333,3160.385291570174,0.05000741160116514
23650,220.21233761246916,3136.1424832548037,0.04961262879403404
23700,220.2619672450257,3112.0914134592867,0.0492210566190777
23750,220.31159609975117,3088.23052013393,0.04883266820244301
23800,220.36122417666397,3064.5582543251376,0.04844743690158979
23850,220.4108514757823,3041.0730800625356,0.048065336303245394
23900,220.46047799712446,3017.7734742470684,0.047686340221377396
23950,220.51010374070873,2994.6579265400756,0.047310422695184644
24000,220.55972870655341,2971.7249392533963,0.046937557987107095
24050,220.6093528946768,2948.9730272404054,0.046567720580853206
24100,220.65897630509716,2926.4007177880258,0.04620088517944534
24150,220.70859893783276,2904.0065505096977,0.045837026703282914
24200,220.7582207929019,2881.789077239283,0.045476120288223024
24250,220.80784187032285,2859.74686192594,0.0451181412836788
24300,220.8574621701139,2837.878480529895,0.044763065250734695
24350,220.90708169229333,2816.1825209191475,0.04441086796027887
24400,220.9567004368794,2794.657582767083,0.044061525391152524
24450,221.00631840389042,2773.30227745101,0.043715013728316245
24500,221.05593559334466,2752.115227951527,0.043371309361031944
24550,221.10555200526036,2731.0950687528994,0.04303038888106318
24600,221.15516763965584,2710.2404457441967,0.0426922290808898
24650,221.20478249654937,2689.550016121362,0.042356806951939815
24700,221.2543965759592,2669.022448290135,0.042024099682837
24750,221.30400987790364,2648.6564217698265,0.04169408465766427
24800,221.35362240240093,2628.450627097958,0.04136673945424312
24850,221.40323414946937,2608.4037657356866,0.041042041842427573
24900,221.4528451191272,2588.5145499741875,0.04071996978241567
24950,221.50245531139274,2568.781702841678,0.04040050142307322
25000,221.55206472628424,2549.2039580114433,0.04008361510027558
25050,221.60167336381997,2529.780059710554,0.0397692893352626
25100,221.6512812240182,2510.50876262944,0.03945750283300916
25150,221.70088830689718,2491.388831832231,0.03914823448061003
25200,221.75049461247522,2472.419042667899,0.03884146334567945
25250,221.80010014077058,2453.5981806822215,0.038537168674765844
25300,221.8497048918015,2434.9250415304296,0.03823532989177926
25350,221.89930886558628,2416.3984308907284,0.03793592659643483
25400,221.94891206214317,2398.0171643784756,0.03763893856270846
25450,221.99851448149045,2379.7800674612,0.03734434573730797
25500,222.04811612364637,2361.685975374343,0.03705212823815746
25550,222.0977169886292,2343.733733037685,0.03676226635289459
25600,222.14731707645723,2325.9221949726057,0.03647474053738286
25650,222.1969163871487,2308.250225219961,0.03618953141423564
25700,222.24651492072186,2290.716697258795,0.03590661977135525
25750,222.29611267719503,2273.3204939256493,0.03562598656048331
25800,222.3457096565864,2256.0605073346946,0.03534761289576604
25850,222.39530585891427,2238.935638798455,0.03507148005233059
25900,222.44490128419693,2221.944798749331,0.034797569464876055
25950,222.4944959324526,2205.086906661718,0.03452586272627541
26000,222.54408980369953,2188.360890974875,0.0342563415861913
26050,222.59368289795603,2171.765689016429,0.0339889879497035
26100,222.6432752152403,2155.3002469265866,0.03372378387594938
26150,222.69286675557066,2138.963519582952,0.033460711576775576
26200,222.74245751896532,2122.7544705260843,0.033199753415403134
26250,222.79204750544258,2106.672071885626,0.0329408919051033
26300,222.84163671502066,2090.7153043071366,0.032684109707886176
26350,222.89122514771782,2074.8831568795463,0.032429389633200766
26400,222.94081280355235,2059.1746270632093,0.03217671463664614
26450,222.9903996825425,2043.5887206186735,0.03192606781869558
26500,223.03998578470646,2028.124451535983,0.031677432423430685
26550,223.08957111006254,2012.7808419646412,0.03143079183728753
26600,223.13915565862902,1997.5569221441951,0.03118612958781415
26650,223.1887394304241,1982.451730335414,0.03094342934243908
26700,223.23832242546604,1967.4643127520453,0.030702674907250396
26750,223.28790464377312,1952.5937234932135,0.030463850225786536
26800,223.33748608536357,1937.8390244763862,0.03022693937783755
26850,223.38706675025566,1923.1992853709035,0.02999192657825674
26900,223.4366466384676,1908.6735835321322,0.029758796175783617
26950,223.4862257500177,1894.2610039361734,0.02952753265187709
27000,223.53580408492417,1879.9606391151244,0.029298120619558797
27050,223.58538164320527,1865.7715890929194,0.02907054482226709
27100,223.63495842487922,1851.6929613217624,0.028844790132721693
27150,223.68453442996432,1837.7238706190308,0.028620841551797213
27200,223.73410965847876,1823.8634391048322,0.028398684207408414
27250,223.78368411044084,1810.1107961400335,0.028178303353404204
27300,223.83325778586877,1796.4650782648437,0.027959684368471825
27350,223.8828306847808,1782.9254291379484,0.027742812755051017
27400,223.9324028071952,1769.4909994761654,0.02752767413825779
27450,223.98197415313015,1756.1609469946304,0.02731425426481784
27500,224.03154472260397,1742.9344363474834,0.02710253900200917
27550,224.08111451563488,1729.810639069118,0.026892514336614912
27600,224.1306835322411,1716.7887335158725,0.026684166373884387
27650,224.1802517724409,1703.8679048083072,0.026477481336504644
27700,224.2298192362525,1691.0473447739043,0.026272445563579952
27750,224.27938592369415,1678.3262518903389,0.026069045509621525
27800,224.32895183478408,1665.70383122919,0.02586726774354543
27850,224.37851696954053,1653.1792944001756,0.025667098947679937
27900,224.42808132798177,1640.7518594958433,0.02546852591678129
27950,224.477644910126,1628.4207510367771,0.025271535557058793
28000,224.52720771599147,1616.1851999172254,0.025076114885207723
28050,224.57676974559644,1604.0444433512632,0.024882251027451813
28100,224.6263309989591,1591.997724819403,0.024689931218593964
28150,224.67589147609775,1580.0442940156192,0.024499142801074666
28200,224.72545117703055,1568.183406794902,0.02430987322403982
28250,224.7750101017758,1556.4143251212445,0.024122110042416555
28300,224.8245682503517,1544.7363170160545,0.023935840915996855
28350,224.87412562277646,1533.148656507034,0.023751053608529617
28400,224.92368221906838,1521.6506235775073,0.02356773598682088
28450,224.97323803924567,1510.2415041161867,0.023385876019842062
28500,225.02279308332652,1498.9205898673706,0.023205461777845986
28550,225.0723473513292,1487.6871783815586,0.023026481431490633
28600,225.12190084327196,1476.540572966496,0.02284892325097062
28650,225.17145355917296,1465.4800826387063,0.02267277560515745
28700,225.2210054990505,1454.505022075327,0.02249802696074553
28750,225.2705566629228,1443.6147115664712,0.022324665881407496
28800,225.32010705080802,1432.8084769679294,0.022152681026955907
28850,225.36965666272448,1422.0856496543288,0.021982061152513107
28900,225.41920549869036,1411.4455664726547,0.0218127951076878
28950,225.46875355872388,1400.887569696213,0.021644871835759524
29000,225.5183008428433,1390.411006978972,0.02147828037287007
29050,225.5678473510668,1380.0152313102853,0.021313009847221842
29100,225.61739308341265,1369.6996009700374,0.021149049478283822
29150,225.66693803989907,1359.4634794841543,0.020986388576004204
29200,225.71648222054424,1349.3062355805164,0.020825016540030314
29250,225.76602562536644,1339.2272431452075,0.020664922858934686
29300,225.81556825438383,1329.2258811792137,0.020506097109449166
29350,225.86511010761473,1319.3015337554286,0.0203485289557047
29400,225.91465118507725,1309.4535899760847,0.020192208148478767
29450,225.96419148678967,1299.6814439304999,0.020037124524448568
29500,226.01373101277022,1289.984494653219,0.019883268005451368
29550,226.0632697630371,1280.3621460825213,0.019730628597751453
29600,226.11280773760853,1270.8138070192815,0.019579196391313433
29650,226.16234493650273,1261.3388910861584,0.019428961559081633
29700,226.21188135973793,1251.9368166871627,0.01927991435626623
29750,226.26141700733234,1242.6070069675816,0.019132045119635815
29800,226.31095187930416,1233.3488897742245,0.018985344266815876
29850,226.36048597567162,1224.1618976160103,0.01883980229559342
29900,226.41001929645296,1215.0454676249294,0.018695409783228305
29950,226.45955184166635,1205.9990415172929,0.01855215738576987
30000,226.50908361133006,1197.022065555348,0.018410035837380143
30050,226.55861460546225,1188.1139905092164,0.018269035949662855
30100,226.60814482408117,1179.274271619166,0.0181291486109985
30150,226.657674267205,1170.5023685581793,0.017990364785884807
30200,226.707202934852,1161.7977453948852,0.017852675514283683
30250,226.75673082704037,1153.1598705567794,0.01771607191097345
30300,226.80625794378827,1144.5882167937707,0.01758054516490691
30350,226.85578428511397,1136.0822611420317,0.017446086538574972
30400,226.90530985103567,1127.6414848881873,0.017312687367376265
30450,226.95483464157155,1119.2653735337778,0.01718033905899183
30500,227.00435865673984,1110.953416760034,0.01704903309276539
30550,227.05388189655875,1102.7051083929846,0.01691876101908955
30600,227.10340436104647,1094.519946368818,0.016789514458796707
30650,227.15292605022125,1086.3974326995806,0.016661285102555917
30700,227.20244696410126,1078.3370734391324,0.01653406471027449
30750,227.25196710270473,1070.3383786494376,0.016407845110505543
30800,227.30148646604982,1062.4008623671066,0.01628261819986013
30850,227.3510050541548,1054.5240425702373,0.016158375942424766
30900,227.40052286703784,1046.7074411455526,0.016035110369184244
30950,227.45003990471713,1038.9505838558048,0.01591281357744931
31000,227.4995561672109,1031.2530003074637,0.0157914777302894
31050,227.54907165453733,1023.6142239186825,0.015671095055970415
31100,227.59858636671464,1016.033791887537,0.015551657847397383
31150,227.64810030376105,1008.5112451605365,0.015433158461562027
31200,227.69761346569473,1001.0461284014058,0.0153155893189952
31250,227.74712585253388,993.6379899601285,0.015198942903224042
31300,227.7966374642967,986.2863818422757,0.015083211760234198
31350,227.84614830100142,978.9908596785542,0.014968388497936105
31400,227.8956583626662,971.7509826946734,0.014854465785636848
31450,227.9451676493093,964.5663136814071,0.014741436353515696
31500,227.99467616094884,957.4364189649734,0.014629292992105171
31550,228.04418389760306,950.3608683776114,0.014518028551775801
31600,228.09369085929015,943.339235228452,0.014407635942226056
31650,228.14319704602832,936.3710962746109,0.014298108131976323
31700,228.19270245783574,929.45603169254,0.01418943814786751
31750,228.24220709473062,922.5936250496233,0.014081619074564015
31800,228.29171095673115,915.7834632760112,0.013974644054060997
31850,228.3412140438555,909.0251366367019,0.01386850628519606
31900,228.3907163561219,902.318238703853,0.013763199023165076
31950,228.44021789354858,895.6623663293244,0.013658715579042175
32000,228.48971865615363,889.0571196174755,0.013555049319304251
32100,228.5887178569718,875.9969197000827,0.01335014209307955
32200,228.75559908442148,863.135413619841,0.013144537317242272
32300,229.03277949233893,850.4763059639529,0.012936079502595888
32400,229.3099512236808,838.0182244595295,0.012731180110976367
32500,229.58711427885453,825.7577339324221,0.012529774107093439
32600,229.86426865826746,813.6914620434702,0.012331797722412004
32700,230.14141436232697,801.8160980638164,0.012137188428961944
32800,230.41855139144033,790.1283916755308,0.011945884913720312
32900,230.6956797460149,778.6251517970287,0.011757827053553263
33000,230.97279942645784,767.3032454327277,0.011572955890704674
33100,231.2499104331765,756.1595965464053,0.011391213608818684
33200,231.52701276657808,745.1911849577527,0.011212543509484101
33300,231.80410642706977,734.3950452616201,0.011036889989288715
33400,232.0811914150587,723.768265769451,0.010864198517371668
33500,232.35826773095204,713.3079874724245,0.010694415613462512
33600,232.6353353751569,703.0114030258525,0.01052748882639609
33700,232.9123943480804,692.8757557543447,0.010363366713091977
33800,233.18944465012956,682.8983386773082,0.010201998817988113
33900,233.46648628171147,673.076493554341,0.010043335652918305
34000,233.74351924323312,663.4076099500909,0.009887328677423451
34100,234.0205435351015,653.889124318142,0.009733930279486427
34200,234.29755915772355,644.5185191035588,0.009583093756681548
34300,234.57456611150627,635.2933218636333,0.009434773297728459
34400,234.85156439685653,626.2111044064981,0.009288923964442091
34500,235.12855401418122,617.2694819471764,0.009145501674069025
34600,235.4055349638872,608.4661122807306,0.009004463182002083
34700,235.68250724638133,599.7986949721169,0.008865766064864203
34800,235.9594708620704,591.2649705624035,0.008729368703953518
34900,236.2364258113612,582.8627197910034,0.008595230269041482
35000,236.51337209466053,574.5897628335687,0.008463310702515952
35100,236.79030971237506,566.4439585552267,0.008333570703861714
35200,237.06723866491154,558.4232037788198,0.008205971714470647
35300,237.34415895267662,550.5254325678353,0.00808047590277428
35400,237.62107057607702,542.7486155237201,0.007957046149691607
35500,237.8979735355193,535.0907590972541,0.007835646034384771
35600,238.17486783141013,527.549904913715,0.0077162398203162496
35700,238.45175346415607,520.1241291115132,0.00759879244160034
35800,238.72863043416368,512.8115416940318,0.0074832694896426865
35900,239.00549874183946,505.61028589438587,0.007369637200061361
36000,239.28235838758994,498.5185375528263,0.007257862439883173
36100,239.55920937182162,491.5345045065268,0.007147912695009196
36200,239.83605169494095,484.6564259914931,0.00703975605794353
36300,240.11288535735434,477.882572056334,0.006933361215779364
36400,240.38971035946818,471.2112429876542,0.006828697438436832
36500,240.66652670168892,464.6407687468184,0.00672573456714693
36600,240.94333438442283,458.16950841784904,0.006624443003176127
36700,241.2201334080763,451.7958496662303,0.006524793696786413
36800,241.49692377305558,445.51820820838475,0.006426758136425538
36900,241.773705479767,439.3350272916042,0.006330308338142411
37000,242.05047852861674,433.2447771842117,0.006235416835222673
37100,242.32724292001112,427.2459546757473,0.006142056668039666
37200,242.60399865435627,421.33708258696794,0.006050201374116092
37300,242.88074573205841,415.5167092894514,0.0059598249783916184
37400,243.15748415352368,409.78340823461957,0.005870901983692168
37500,243.43421391915817,404.13577749196605,0.0057834073613961985
37600,243.71093502936802,398.57243929631386,0.005697316542293897
37700,243.9876474845593,393.09203960391136,0.0056126054076350235
37800,244.26435128513802,387.6932476571834,0.005529250280361282
37900,244.54104643151024,382.3747555579546,0.005447227916519151
38000,244.81773292408195,377.1352778489796,0.005366515496849378
38100,245.09441076325913,371.9735511036051,0.005287090618549257
38200,245.37107994944773,366.88833352339265,0.00520893128720389
38300,245.64774048305364,361.878404543544,0.005132015908882833
38400,245.92439236448277,356.9425644459661,0.005056323282398538
38500,246.20103559414102,352.0796339798251,0.004981832591723158
38600,246.47767017243422,347.2884539894223,0.004908523398560116
38700,246.75429609976817,342.56788504926294,0.004836375635067399
38800,247.03091337654865,337.91680710614855,0.004765369596728969
38900,247.3075220031815,333.3341191281682,0.004695485935371411
39000,247.5841219800724,328.81873876043915,0.004626705652322537
39100,247.86071330762712,324.36960198745896,0.004559010091708915
39200,248.1372959862513,319.9856628019376,0.004492380933889375
39300,248.41387001635064,315.66589287998113,0.004426800189021635
39400,248.6904353983308,311.40928126248605,0.004362250190759037
39500,248.96699213259734,307.21483404263813,0.004298713590074866
39600,249.24354021955588,303.08157405936856,0.004236173349211233
39700,249.520079659612,299.0085405966699,0.004174612735750167
39800,249.79661045317127,294.9947890886383,0.00411401531680411
39900,250.07313260063913,291.0393908301301,0.004054364953323321
40000,250.3496461024211,287.1414326929244,0.003995645794517786
40100,250.62615095892266,283.300016847275,0.003937842272391112
40200,250.90264717054924,279.5142604887476,0.0038809390963840985
40300,251.17913473770628,275.78329557023204,0.0038249212481256036
40400,251.45561366079914,272.10626853903165,0.0037697739762885232
40500,251.7320839402332,268.4823400789217,0.0037154827915485767
40600,252.00854557641378,264.91068485707973,0.0036620334616437526
40700,252.2849985697462,261.3904912757964,0.0036094120065323946
40800,252.56144292063573,257.9209612288603,0.0035576046936476777
40900,252.83787862948768,254.5013098625317,0.003506598033246583
41000,253.11430569670725,251.13076534101225,0.0034563787738513467
41100,253.39072412269965,247.80856861632049,0.0034069338977814455
41200,253.66713390787007,244.53397320248416,0.003358250616774204
41300,253.9435350526237,241.30624495396495,0.003310316367692173
41400,254.21992755736562,238.12466184823666,0.0032631188083155596
41500,254.496311422501,234.9885137724216,0.0032166458132177225
41600,254.7726866484349,231.8971023139215,0.0031708854697222576
41700,255.0490532355724,228.8497405549489,0.0031258260739397492
41800,255.32541118431845,225.84575287089373,0.003081456126882698
41900,255.60176049507817,222.88447473244068,0.00303776433065688
42000,255.87810116825648,219.96525251137052,0.002994739584727637
42100,256.15443320425834,217.08744328996687,0.002952370982259482
42200,256.4307566034887,214.2504146739618,0.002910647806527532
42300,256.7070713663525,211.45354460894995,0.002869559527399299
42400,256.9833774932546,208.6962212002002,0.0028290957978853253
42500,257.25967498459977,205.97784253580278,0.0027892464507573004
42600,257.53596384079293,203.297816513084,0.0027500014952322547
42700,257.8122440622389,200.65556066822424,0.0027113511137214323
42800,258.08851564934247,198.05050200901803,0.002673285658642561
42900,258.3647786025083,195.4820768507156,0.0026357956492941985
43000,258.6410329221412,192.94973065488225,0.002598871768790844
43100,258.91727860864586,190.45291787122227,0.0025625048610576485
43200,259.19351566242693,187.99110178230407,0.00252668592788341
43300,259.4697440838891,185.56375435113446,0.0024914061260307304
43400,259.745963873437,183.17035607152502,0.0024566567644021355
43500,260.02217503147523,180.8103958211961,0.002422429301261015
43600,260.29837755840833,178.4833707175673,0.0023887153415062838
43700,260.57457145464093,176.18878597617942,0.0023555066339996282
43800,260.8507567205775,173.92615477169986,0.0023227950689443124
43900,261.12693335662254,171.69499810146192,0.00229057267531449
44000,261.40310136318055,169.49484465148421,0.0022588316183339337
44100,261.679260740656,167.3252306649301,0.0022275641970032852
44200,261.9554114894533,165.1856998129538,0.0021967628416747495
44300,262.2315536099768,163.07580306789046,0.0021664201116733213
44400,262.507687102631,160.99509857874403,0.002136528692963578
44500,262.7838119678201,158.9431515489299,0.0021070813958611457
44600,263.0599282059485,156.91953411622822,0.0020780711527879085
44700,263.33603581742057,154.92382523490605,0.002049491016070096
44800,263.61213480264047,152.95561055996598,0.002021334155778371
44900,263.8882251620125,151.01448233348322,0.0019935938576091062
45000,264.16430689594085,149.10003927298737,0.0019662635208059606
45100,264.4403800048298,147.21188646185377,0.0019393366561210167
45200,264.7164444890835,145.3496352416629,0.0019128068838146284
45300,264.992500349106,143.51290310649435,0.0018866679316932478
45400,265.2685475853016,141.70131359911355,0.001860913633184428
45500,265.5445861980742,139.91449620901997,0.001835537925448297
45600,265.820616187828,138.15208627231905,0.001810534847524752
45700,266.09663755496706,136.41372487338344,0.0017858985385156608
45800,266.3726502998954,134.69905874827123,0.001761623235801395
45900,266.64865442301686,133.0077401898667,0.0017377032732909903
46000,266.9246499247356,131.3394269547097,0.0017141330797052466
46100,267.20063680545553,129.6937821714861,0.0016909071768921775
46200,267.4766150655805,128.0704742511437,0.0016680201781741
46300,267.7525847055145,126.46917679860488,0.0016454667867257674
46400,268.02854572566133,124.88956852604632,0.001623241793982935
46500,268.30449812642485,123.3313331677153,0.0016013400780807384
46600,268.58044190820885,121.79415939625522,0.0015797566023213188
46700,268.8563770714172,120.27774074050988,0.0015584864136700858
46800,269.13230361645367,118.78177550478182,0.0015375246412800956
46900,269.408221543722,117.30596668951412,0.0015168664950439407
47000,269.6841308536258,115.85002191337284,0.0014965072641726627
47100,269.96003154656887,114.41365333669918,0.0014764423158010929
47200,270.2359236229549,112.99657758631197,0.0014566670936191832
47300,270.5118070831874,111.59851568162969,0.0014371771165287406
47400,270.65,110.21939581127143,0.0014186919205206605
47500,270.65,108.85716225562057,0.0014011578946349337
47600,270.65,107.5118066948085,0.0013838411143141651
47700,270.65,106.1831194947996,0.0013667388812482217
47800,270.65,104.87089363173773,0.0013498485307239653
47900,270.65,103.57492465936714,0.0013331674312059112
48000,270.65,102.29501067686039,0.0013166929839221232
48100,270.65,101.03095229704928,0.001300422622455298
48200,270.65,99.78255261505329,0.001284353812338965
48300,270.65,98.54961717730019,0.001268484050658734
48400,270.65,97.3319539509342,0.001252810865658532
48500,270.65,96.12937329360736,0.0012373318163517715
48600,270.65,94.9416879236484,0.001222044492137379
48700,270.65,93.76871289060482,0.0012069465124206257
48800,270.65,92.61026554615316,0.001192035526238699
48900,270.65,91.46616551537427,0.0011773092118909708
49000,270.65,90.33623466838621,0.0011627652765738704
49100,270.65,89.22029709233362,0.001148401456020344
49200,270.65,88.11817906372617,0.0011342155141438085
49300,270.65,87.02970902112355,0.0011202052426865664
49400,270.65,85.95471753816209,0.0011063684608726165
49500,270.65,84.89303729691854,0.0010927030150648049
49600,270.65,83.84450306160721,0.001079206778426268
49700,270.65,82.80895165260577,0.0010658776505861034
49800,270.65,81.78622192080596,0.001052713557309226
49900,270.65,80.77615472228493,0.0010397124501703482
50000,270.65,79.77859289329372,0.0010268723062320441
50100,270.65,78.79338122555806,0.0010141911277268328
50200,270.65,77.820366441888,0.0010016669417432374
50300,270.65,76.85939717209281,0.0009892977999157728
50400,270.65,75.91032392919672,0.0009770817781188058
50500,270.65,74.97299908595218,0.0009650169761642452
50600,270.65,74.04727685164686,0.000953101517503012
50700,270.65,73.13301324920005,0.000941333548930236
50800,270.65,72.23006609254621,0.0009297112402941466
50900,270.65,71.3382949643007,0.0009182327842085969
51000,270.65,70.45756119370475,0.0009068963957691822
51200,270.65,68.72865964515233,0.0008846427929413563
51400,270.65,67.04228619250382,0.0008629365916449026
51600,270.13334928435734,65.39594386274229,0.0008433555550395672
51800,269.58234838495855,63.78689027758835,0.0008242862941546719
52000,269.03138187601166,62.214352950165164,0.0008056116670080036
52200,268.48044975429735,60.677573020771746,0.0007873242637330914
52400,267.92955201659623,59.1758059477332,0.0007694167993822288
52600,267.3786886596896,57.70832126463151,0.0007518821120598162
52800,266.82785968035904,56.2744023411874,0.0007347131610800122
53000,266.27706507538653,54.873346147748855,0.0007179030251484613
53200,265.72630484155457,53.50446302333706,0.0007014449005678121
53400,265.17557897564586,52.16707644720176,0.0006853320994667458
53600,264.6248874744437,50.86052281384213,0.0006695580480522811
53800,264.07423033473174,49.58415121144599,0.0006541162848850824
54000,263.52360755329397,48.33732320370093,0.0006390004591774941
54200,262.9730191269147,47.11941261493483,0.0006242043291140813
54400,262.4224650523789,45.92980531853888,0.0006097217601943825
54600,261.87194532647175,44.76789902863146,0.000595546723597659
54800,261.32145994597886,43.633103094918155,0.0005816732945693689
55000,260.7710089076863,42.524838300705554,0.0005680956508291274
55200,260.2205922083804,41.44253666402615,0.000554808070999905
55400,259.67020984484805,40.3856412418332,0.0005418049330582294
55600,259.11986181387647,39.353605937222966,0.0005290807128051375
55800,258.56954811225336,38.34589530964527,0.0005166299823576632
56000,258.01926873676666,37.361984388059454,0.0005044474086605935
56200,257.4690236842048,36.401358486997985,0.0004925277520182888
56400,256.91881295135664,35.463513025497136,0.00048086586464632185
56600,256.36863653501143,34.547953348855906,0.0004694566892427116
56800,255.81849443195875,33.65419455318447,0.00045829525757852096
57000,255.26838663898872,32.78176131270419,0.00044737668910759903
57200,254.71831315289165,31.930187709761544,0.00043669618959524487
57400,254.16827397045853,31.099017067518655,0.00042624904976557287
57600,253.61826908848047,30.287801785283285,0.0004160306439673565
57800,253.06829850374913,29.49610317644258,0.000406036428858145
58000,252.51836221305658,28.723491308964068,0.0003962619421064304
58200,251.96846021319521,27.969544848428395,0.0003867028011116548
58400,251.4185925009579,27.233850903559436,0.00037735470174185857
58600,250.86875907313785,26.516004874215945,0.00036821341708874423
58800,250.3189599265287,25.81561030181124,0.0003592747962399642
59000,249.7691950579245,25.132278722127065,0.0003505347630684267
59200,249.21946446411968,24.465629520487834,0.0003419893150384151
59400,248.66976814190906,23.815289789262366,0.0003336345220283231
59600,248.12010608808788,23.180894187660197,0.00032546652516980473
59800,247.57047829945176,22.56208480379111,0.00031748153570315706
60000,247.02088477279676,21.958511018954418,0.0003096758338487189
60200,246.47132550491932,21.36982937412814,0.00030204576769411815
60400,245.9218004926162,20.795703438625818,0.0002945877520971606
60600,245.37230973268473,20.23580368089074,0.0002872982676041805
60800,244.82285322192246,19.689807341397138,0.00028017385938366584
61000,244.27343095712746,19.157398307628338,0.0002732111361749738
61200,243.72404293509814,18.638266991102014,0.00026640676925195056
61400,243.17468915263333,18.132110206413856,0.00025975749140128403
61600,242.62536960653225,17.638631052269826,0.0002532600959153978
61800,242.07608429359456,17.157538794479446,0.00024691143559972295
62000,241.52683321062023,16.688548750881253,0.00024070842179416433
62200,240.97761635440975,16.231382178172733,0.0002346480234085895
62400,240.42843372176387,15.785766160617236,0.0002287272659721703
62600,239.87928530948383,15.351433500600605,0.00022294323069640458
62800,239.3301711143713,14.928122611011101,0.00021729305355165692
63000,238.78109113322824,14.515577409415348,0.00021177392435704127
63200,238.23204536285706,14.113547214004713,0.00020638308588348802
63400,237.68303380006063,13.721786641286387,0.00020111783296983593
63600,237.13405644164212,13.340055505492812,0.0001959755116517744
63800,236.58511328440517,12.968118719685341,0.0001909535183034928
64000,236.03620432515373,12.60574619852629,0.00018604929879186533
64200,235.48732956069227,12.252712762695584,0.00018126034764302576
64400,234.9384889878256,11.9087980449269,0.00017658420722116612
64600,234.38968260335884,11.573786397640205,0.00017201846691941786
64800,233.84091040409768,11.247466802146407,0.0001675607623626557
65000,233.2921723868481,10.929632779400997,0.0001632087746220769
65200,232.74346854841647,10.620082302283631,0.00015896022944140867
65400,232.19479888560963,10.318617709380886,0.00015481289647459564
65600,231.6461633952347,10.025045620249525,0.00015076458853482082
65800,231.09756207409936,9.73917685213835,0.00014681316085471914
66000,230.54899491901153,9.460826338146623,0.00014295651035763988
66200,230.00046192677962,9.189813046797276,0.00013919257493981554
66400,229.45196309421243,8.92595990300392,0.00013551933276330225
66600,228.9034984181191,8.669093710410142,0.00013193480155954834
66800,228.35506789530925,8.419045075080636,0.00012843703794345878
67000,227.8066715225928,8.175648330523567,0.0001250241367378207
67200,227.25830929678023,7.938741464023711,0.00012169423030795285
67400,226.7099812146822,7.70816604426658,0.0001184454879064503
67600,226.16168727310992,7.483767150233821,0.00011527611502789438
67800,225.61342746887493,7.265393301350125,0.00011218435277339406
68000,225.06520179878925,7.052896388862806,0.00010916847722483698
68200,224.5170102596652,6.84613160843468,0.00010622679882871777
68400,223.96885284831552,6.644957393931936,0.00010335766178942448
68600,223.42072956155337,6.449235352388105,0.00010055944347185361
68800,222.87264039619237,6.258830200126302,0.00009783055381323697
69000,222.32458534904632,6.073609700021275,0.00009516943474405266
69200,221.7765644169297,5.8934445998841225,0.00009257455961790915
69400,221.22857759665717,5.718208571951474,0.00009004443265027427
69600,220.6806248850439,5.54777815346247,0.00008757758836594061
69800,220.13270627890543,5.382032688306028,0.00008517259105510501
70000,219.58482177505763,5.220854269721916,0.00008282803423795278
70200,219.0369713703169,5.064127684038737,0.00008054254013762818
70400,218.4891550614999,4.91174035543271,0.00007831475916148398
70600,217.94137284542376,4.7635822916909225,0.0000761433693904958
70800,217.39362471890604,4.619546030963238,0.00007402707607673397
71000,216.8459106787646,4.479526589486947,0.00007196461114878134
71200,216.29823072181776,4.343421410268991,0.00006995473272499505
71400,215.75058484488423,4.211130312710085,0.00006799622463450044
71600,215.20297304478308,4.082555443155948,0.00006608789594581697
71800,214.65539531833383,3.9576012263606057,0.00006422858050300986
72000,214.2627511873974,3.8362163035665016,0.0000623726951467219
72200,213.87167290976495,3.7183507793000925,0.0000605668785458055
72400,213.48061896364163,3.603907778621702,0.000058810289419251275
72600,213.08958934675675,3.4927937012514416,0.00005710166917360772
72800,212.69858405683993,3.384917348458162,0.00005543978926054951
73000,212.30760309162108,3.2801898655040422,0.00005382345051057103
73200,211.9166464488304,3.17852468537132,0.00005225148248032947
73400,211.5257141261983,3.0798374737445897,0.00005072274281337801
73600,211.1348061214556,2.984046075222886,0.00004923611661403879
73800,210.74392243233333,2.891070460736091,0.000047790515834167144
74000,210.35306305656277,2.8008326761407765,0.000046384878672563795
74200,209.96222799187555,2.713256791971051,0.00004501816898679619
74400,209.57141723600355,2.628268854320353,0.00004368937571719252
74600,209.1806307866789,2.545796836830721,0.00004239751232277808
74800,208.7898686416341,2.4657705937665524,0.00004114161622892829
75000,208.39913079860182,2.3881218141500105,0.00003992074828651191
75200,208.0084172553151,2.312783976936008,0.00003873399224230705
75400,207.6177280095072,2.239692307205081,0.00003758045422047592
75600,207.22706305891177,2.168783733352551,0.00003645926221488261
75800,206.83642240126258,2.0999968452532833,0.000035369565592049845
76000,206.4458060342938,2.0332718533813785,0.00003431053460454826
76200,206.05521395573987,1.9685505488645698,0.00003328135991461591
76400,205.66464616333545,1.9057762644538365,0.000032281252127815084
76600,205.27410265481555,1.8448938363885747,0.00003130944133652768
76800,204.88358342791543,1.785849567138503,0.00003036517667310149
77000,204.4930884803706,1.7285911890036028,0.000029447725872459014
77200,204.10261780991695,1.6730678285539382,0.000028556374843986755
77400,203.71217141429054,1.6192299718912777,0.0000276904272525215
77600,203.32174929122775,1.5670294307151438,0.00002684920410825917
77800,202.93135143846533,1.5164193091759635,0.00002603204336541013
78000,202.54097785374015,1.4673539714984716,0.000025238299529430116
78200,202.15062853478946,1.419789010358913,0.000024467343272660204
78400,201.76030347935082,1.3736812159996545,0.000023718561058207708
78600,201.37000268516198,1.3289885460655129,0.000022991354771909326
78800,200.979726149961,1.2856700961460543,0.000022285141362214365
79000,200.58947387148632,1.2436860710087387,0.000021599352487834258
79200,200.1992458474765,1.2029977565077932,0.000020933434173002117
79400,199.80904207567053,1.1635674921542685,0.000020286846470193714
79600,199.41886255380754,1.1253586443328476,0.000019659063130160895
79800,199.02870727962707,1.0883355801513226,0.00001904957127913199
80000,198.63857625086885,1.0524636419089073,0.000018457871103036217
